link_name,name,surname,race,role,region,quote,lane,date_release,image,image_spell_1,image_spell_2,image_spell_3,image_spell_4,image_passive
aatrox,Aatrox,the Darkin Blade,Darkin,Fighter,Runeterra,“I must destroy even hope…”,Top,2013-06-13,https://ddragon.leagueoflegends.com/cdn/img/champion/splash/Aatrox_0.jpg,https://ddragon.leagueoflegends.com/cdn/14.19.1/img/spell/AatroxQ.png,https://ddragon.leagueoflegends.com/cdn/14.19.1/img/spell/AatroxW.png,https://ddragon.leagueoflegends.com/cdn/14.19.1/img/spell/AatroxE.png,https://ddragon.leagueoflegends.com/cdn/14.19.1/img/spell/AatroxR.png,https://ddragon.leagueoflegends.com/cdn/14.19.1/img/passive/Aatrox_Passive.png
ahri,Ahri,the Nine-Tailed Fox,Vastaya,Mage,Ionia,“Human emotions can be more volatile than even the deepest magic.”,Mid,2011-12-14,https://ddragon.leagueoflegends.com/cdn/img/champion/splash/Ahri_0.jpg,https://ddragon.leagueoflegends.com/cdn/14.19.1/img/spell/AhriQ.png,https://ddragon.leagueoflegends.com/cdn/14.19.1/img/spell/AhriW.png,https://ddragon.leagueoflegends.com/cdn/14.19.1/img/spell/AhriE.png,https://ddragon.leagueoflegends.com/cdn/14.19.1/img/spell/AhriR.png,https://ddragon.leagueoflegends.com/cdn/14.19.1/img/passive/Ahri_SoulEater2.png
akali,Akali,the Rogue Assassin,,Assassin,Ionia,"“If you look dangerous, you better be dangerous.”",Mid,2010-05-11,https://ddragon.leagueoflegends.com/cdn/img/champion/splash/Akali_0.jpg,https://ddragon.leagueoflegends.com/cdn/14.19.1/img/spell/AkaliQ.png,https://ddragon.leagueoflegends.com/cdn/14.19.1/img/spell/AkaliW.png,https://ddragon.leagueoflegends.com/cdn/14.19.1/img/spell/AkaliE.png,https://ddragon.leagueoflegends.com/cdn/14.19.1/img/spell/AkaliR.png,https://ddragon.leagueoflegends.com/cdn/14.19.1/img/passive/Akali_P.png
akshan,Akshan,the Rogue Sentinel,,Marksman,Shurima,“Not everything happens for a reason. Some things need to be sorted out.”,Mid,2021-07-23,https://ddragon.leagueoflegends.com/cdn/img/champion/splash/Akshan_0.jpg,https://ddragon.leagueoflegends.com/cdn/14.19.1/img/spell/AkshanQ.png,https://ddragon.leagueoflegends.com/cdn/14.19.1/img/spell/AkshanW.png,https://ddragon.leagueoflegends.com/cdn/14.19.1/img/spell/AkshanE.png,https://ddragon.leagueoflegends.com/cdn/14.19.1/img/spell/AkshanR.png,https://ddragon.leagueoflegends.com/cdn/14.19.1/img/passive/akshan_p.png
alistar,Alistar,the Minotaur,,Tank,Runeterra,“Nothing can hold me back!”,Support,2009-02-21,https://ddragon.leagueoflegends.com/cdn/img/champion/splash/Alistar_0.jpg,https://ddragon.leagueoflegends.com/cdn/14.19.1/img/spell/Pulverize.png,https://ddragon.leagueoflegends.com/cdn/14.19.1/img/spell/Headbutt.png,https://ddragon.leagueoflegends.com/cdn/14.19.1/img/spell/AlistarE.png,https://ddragon.leagueoflegends.com/cdn/14.19.1/img/spell/FerociousHowl.png,https://ddragon.leagueoflegends.com/cdn/14.19.1/img/passive/Alistar_E.png
ambessa,Ambessa,the Matriarch of War,,Fighter,Noxus,"""Any enemy of mine is an enemy of my family.""",,,,,,,,
amumu,Amumu,the Sad Mummy,,Tank,Shurima,“Solitude can be lonelier than death.”,Jungle,2009-06-26,https://ddragon.leagueoflegends.com/cdn/img/champion/splash/Amumu_0.jpg,https://ddragon.leagueoflegends.com/cdn/14.19.1/img/spell/BandageToss.png,https://ddragon.leagueoflegends.com/cdn/14.19.1/img/spell/AuraofDespair.png,https://ddragon.leagueoflegends.com/cdn/14.19.1/img/spell/Tantrum.png,https://ddragon.leagueoflegends.com/cdn/14.19.1/img/spell/CurseoftheSadMummy.png,https://ddragon.leagueoflegends.com/cdn/14.19.1/img/passive/Amumu_Passive.png
anivia,Anivia,the Cryophoenix,,Mage,Freljord,"''I am the fury of the blizzard, the bite of the wind, and the cold of the ice. I am the Freljord.''",Mid,2009-07-10,https://ddragon.leagueoflegends.com/cdn/img/champion/splash/Anivia_0.jpg,https://ddragon.leagueoflegends.com/cdn/14.19.1/img/spell/FlashFrost.png,https://ddragon.leagueoflegends.com/cdn/14.19.1/img/spell/Crystallize.png,https://ddragon.leagueoflegends.com/cdn/14.19.1/img/spell/Frostbite.png,https://ddragon.leagueoflegends.com/cdn/14.19.1/img/spell/GlacialStorm.png,https://ddragon.leagueoflegends.com/cdn/14.19.1/img/passive/Anivia_P.png
annie,Annie,the Dark Child,,Mage,Runeterra,"“Ashes, ashes, they all fall down.”",Mid,2009-02-21,https://ddragon.leagueoflegends.com/cdn/img/champion/splash/Annie_0.jpg,https://ddragon.leagueoflegends.com/cdn/14.19.1/img/spell/AnnieQ.png,https://ddragon.leagueoflegends.com/cdn/14.19.1/img/spell/AnnieW.png,https://ddragon.leagueoflegends.com/cdn/14.19.1/img/spell/AnnieE.png,https://ddragon.leagueoflegends.com/cdn/14.19.1/img/spell/AnnieR.png,https://ddragon.leagueoflegends.com/cdn/14.19.1/img/passive/Annie_Passive.png
aphelios,Alune,the Weapon of the Faithful,,Marksman,Targon,“Our faith is proven fate each time we deny it.”,ADC,2019-12-11,https://ddragon.leagueoflegends.com/cdn/img/champion/splash/Aphelios_0.jpg,https://ddragon.leagueoflegends.com/cdn/14.19.1/img/spell/ApheliosQ_ClientTooltipWrapper.png,https://ddragon.leagueoflegends.com/cdn/14.19.1/img/spell/ApheliosW.png,https://ddragon.leagueoflegends.com/cdn/14.19.1/img/spell/ApheliosE_ClientTooltipWrapper.png,https://ddragon.leagueoflegends.com/cdn/14.19.1/img/spell/ApheliosR.png,https://ddragon.leagueoflegends.com/cdn/14.19.1/img/passive/ApheliosP.png
ashe,Ashe,the Frost Archer,,Marksman,Freljord,"''One tribe, one people, one Freljord.''",ADC,2009-02-21,https://ddragon.leagueoflegends.com/cdn/img/champion/splash/Ashe_0.jpg,https://ddragon.leagueoflegends.com/cdn/14.19.1/img/spell/AsheQ.png,https://ddragon.leagueoflegends.com/cdn/14.19.1/img/spell/Volley.png,https://ddragon.leagueoflegends.com/cdn/14.19.1/img/spell/AsheSpiritOfTheHawk.png,https://ddragon.leagueoflegends.com/cdn/14.19.1/img/spell/EnchantedCrystalArrow.png,https://ddragon.leagueoflegends.com/cdn/14.19.1/img/passive/Ashe_P.png
aurelionsol,Aurelion Sol,The Star Forger,,Mage,Runeterra,“Cower. Worship. Marvel. They are all appropriate responses.”,Mid,2016-03-24,https://ddragon.leagueoflegends.com/cdn/img/champion/splash/AurelionSol_0.jpg,https://ddragon.leagueoflegends.com/cdn/14.19.1/img/spell/AurelionSolQ.png,https://ddragon.leagueoflegends.com/cdn/14.19.1/img/spell/AurelionSolW.png,https://ddragon.leagueoflegends.com/cdn/14.19.1/img/spell/AurelionSolE.png,https://ddragon.leagueoflegends.com/cdn/14.19.1/img/spell/AurelionSolR.png,https://ddragon.leagueoflegends.com/cdn/14.19.1/img/passive/AurelionSolP.png
aurora,Aurora,the Witch between Worlds,Vastaya,Mage,Freljord,"""I see the spirit realm and material realm simultaneously. This blended world is my own, and it's beautiful.""",,,https://ddragon.leagueoflegends.com/cdn/img/champion/splash/Aurora_0.jpg,https://ddragon.leagueoflegends.com/cdn/14.19.1/img/spell/AuroraQ.png,https://ddragon.leagueoflegends.com/cdn/14.19.1/img/spell/AuroraW.png,https://ddragon.leagueoflegends.com/cdn/14.19.1/img/spell/AuroraE.png,https://ddragon.leagueoflegends.com/cdn/14.19.1/img/spell/AuroraR.png,https://ddragon.leagueoflegends.com/cdn/14.19.1/img/passive/AuroraPassive.Aurora.png
azir,Azir,the Emperor of the Sands,,Mage,Shurima,“Shurima was once the glory of Runeterra. I will make it so again.”,Mid,2014-09-16,https://ddragon.leagueoflegends.com/cdn/img/champion/splash/Azir_0.jpg,https://ddragon.leagueoflegends.com/cdn/14.19.1/img/spell/AzirQWrapper.png,https://ddragon.leagueoflegends.com/cdn/14.19.1/img/spell/AzirW.png,https://ddragon.leagueoflegends.com/cdn/14.19.1/img/spell/AzirEWrapper.png,https://ddragon.leagueoflegends.com/cdn/14.19.1/img/spell/AzirR.png,https://ddragon.leagueoflegends.com/cdn/14.19.1/img/passive/Azir_Passive.png
bard,Ryze,the Wandering Caretaker,,Support,Runeterra,“The chimes of his footsteps are echoes of change.”,Support,2015-03-12,https://ddragon.leagueoflegends.com/cdn/img/champion/splash/Bard_0.jpg,https://ddragon.leagueoflegends.com/cdn/14.19.1/img/spell/BardQ.png,https://ddragon.leagueoflegends.com/cdn/14.19.1/img/spell/BardW.png,https://ddragon.leagueoflegends.com/cdn/14.19.1/img/spell/BardE.png,https://ddragon.leagueoflegends.com/cdn/14.19.1/img/spell/BardR.png,https://ddragon.leagueoflegends.com/cdn/14.19.1/img/passive/Bard_Passive.png
belveth,Bel’Veth,the Empress of the Void,,Fighter,The Void,“This world will not be forgotten. I will replace it—a child devouring its parent.”,Jungle,2022-06-09,https://ddragon.leagueoflegends.com/cdn/img/champion/splash/Belveth_0.jpg,https://ddragon.leagueoflegends.com/cdn/14.19.1/img/spell/BelvethQ.png,https://ddragon.leagueoflegends.com/cdn/14.19.1/img/spell/BelvethW.png,https://ddragon.leagueoflegends.com/cdn/14.19.1/img/spell/BelvethE.png,https://ddragon.leagueoflegends.com/cdn/14.19.1/img/spell/BelvethR.png,https://ddragon.leagueoflegends.com/cdn/14.19.1/img/passive/Belveth_Passive.png
blitzcrank,Blitzcrank,the Great Steam Golem,,Tank,Zaun,“A SINGLE GEAR TURNING CAN MAKE ALL THE DIFFERENCE.”,Support,2009-09-02,https://ddragon.leagueoflegends.com/cdn/img/champion/splash/Blitzcrank_0.jpg,https://ddragon.leagueoflegends.com/cdn/14.19.1/img/spell/RocketGrab.png,https://ddragon.leagueoflegends.com/cdn/14.19.1/img/spell/Overdrive.png,https://ddragon.leagueoflegends.com/cdn/14.19.1/img/spell/PowerFist.png,https://ddragon.leagueoflegends.com/cdn/14.19.1/img/spell/StaticField.png,https://ddragon.leagueoflegends.com/cdn/14.19.1/img/passive/Blitzcrank_ManaBarrier.png
brand,Brand,the Burning Vengeance,,Mage,Runeterra,"''This place will burn, not by cinder flying or breath of wind, but by the vengeance of my hand.''",Mid,2011-04-12,https://ddragon.leagueoflegends.com/cdn/img/champion/splash/Brand_0.jpg,https://ddragon.leagueoflegends.com/cdn/14.19.1/img/spell/BrandQ.png,https://ddragon.leagueoflegends.com/cdn/14.19.1/img/spell/BrandW.png,https://ddragon.leagueoflegends.com/cdn/14.19.1/img/spell/BrandE.png,https://ddragon.leagueoflegends.com/cdn/14.19.1/img/spell/BrandR.png,https://ddragon.leagueoflegends.com/cdn/14.19.1/img/passive/BrandP.png
braum,Braum,the Heart of the Freljord,,Support,Freljord,"“Today, we fight as enemies. Tomorrow, we may fight as brothers.”",Support,2014-05-12,https://ddragon.leagueoflegends.com/cdn/img/champion/splash/Braum_0.jpg,https://ddragon.leagueoflegends.com/cdn/14.19.1/img/spell/BraumQ.png,https://ddragon.leagueoflegends.com/cdn/14.19.1/img/spell/BraumW.png,https://ddragon.leagueoflegends.com/cdn/14.19.1/img/spell/BraumE.png,https://ddragon.leagueoflegends.com/cdn/14.19.1/img/spell/BraumRWrapper.png,https://ddragon.leagueoflegends.com/cdn/14.19.1/img/passive/Braum_Passive.png
briar,Briar,the Restrained Hunger,,Fighter,Noxus,"“I don’t lose control, I free myself from control.”",Jungle,2023-09-14,https://ddragon.leagueoflegends.com/cdn/img/champion/splash/Briar_0.jpg,https://ddragon.leagueoflegends.com/cdn/14.19.1/img/spell/BriarQ.png,https://ddragon.leagueoflegends.com/cdn/14.19.1/img/spell/BriarW.png,https://ddragon.leagueoflegends.com/cdn/14.19.1/img/spell/BriarE.png,https://ddragon.leagueoflegends.com/cdn/14.19.1/img/spell/BriarR.png,https://ddragon.leagueoflegends.com/cdn/14.19.1/img/passive/BriarP.png
caitlyn,Caitlyn,the Sheriff of Piltover,,Marksman,Piltover,"“To be the best hunter, you have to be able to think like your prey.”",ADC,2011-01-04,https://ddragon.leagueoflegends.com/cdn/img/champion/splash/Caitlyn_0.jpg,https://ddragon.leagueoflegends.com/cdn/14.19.1/img/spell/CaitlynQ.png,https://ddragon.leagueoflegends.com/cdn/14.19.1/img/spell/CaitlynW.png,https://ddragon.leagueoflegends.com/cdn/14.19.1/img/spell/CaitlynE.png,https://ddragon.leagueoflegends.com/cdn/14.19.1/img/spell/CaitlynR.png,https://ddragon.leagueoflegends.com/cdn/14.19.1/img/passive/Caitlyn_Headshot.png
camille,Camille,the Steel Shadow,,Fighter,Piltover,“Precision is the difference between a butcher and a surgeon.”,Top,2016-12-07,https://ddragon.leagueoflegends.com/cdn/img/champion/splash/Camille_0.jpg,https://ddragon.leagueoflegends.com/cdn/14.19.1/img/spell/CamilleQ.png,https://ddragon.leagueoflegends.com/cdn/14.19.1/img/spell/CamilleW.png,https://ddragon.leagueoflegends.com/cdn/14.19.1/img/spell/CamilleE.png,https://ddragon.leagueoflegends.com/cdn/14.19.1/img/spell/CamilleR.png,https://ddragon.leagueoflegends.com/cdn/14.19.1/img/passive/Camille_Passive.png
cassiopeia,Cassiopeia,the Serpent's Embrace,,Mage,Noxus,“Secrets are sharper than blades…”,Mid,2010-12-14,https://ddragon.leagueoflegends.com/cdn/img/champion/splash/Cassiopeia_0.jpg,https://ddragon.leagueoflegends.com/cdn/14.19.1/img/spell/CassiopeiaQ.png,https://ddragon.leagueoflegends.com/cdn/14.19.1/img/spell/CassiopeiaW.png,https://ddragon.leagueoflegends.com/cdn/14.19.1/img/spell/CassiopeiaE.png,https://ddragon.leagueoflegends.com/cdn/14.19.1/img/spell/CassiopeiaR.png,https://ddragon.leagueoflegends.com/cdn/14.19.1/img/passive/Cassiopeia_Passive.png
chogath,Cho'Gath,the Terror of the Void,,Tank,The Void,“Your souls will feed the Void!”,Top,2009-06-26,https://ddragon.leagueoflegends.com/cdn/img/champion/splash/Chogath_0.jpg,https://ddragon.leagueoflegends.com/cdn/14.19.1/img/spell/Rupture.png,https://ddragon.leagueoflegends.com/cdn/14.19.1/img/spell/FeralScream.png,https://ddragon.leagueoflegends.com/cdn/14.19.1/img/spell/VorpalSpikes.png,https://ddragon.leagueoflegends.com/cdn/14.19.1/img/spell/Feast.png,https://ddragon.leagueoflegends.com/cdn/14.19.1/img/passive/GreenTerror_TailSpike.png
corki,Corki,the Daring Bombardier,,Marksman,Bandle City,“Death from above!”,Mid,2009-09-19,https://ddragon.leagueoflegends.com/cdn/img/champion/splash/Corki_0.jpg,https://ddragon.leagueoflegends.com/cdn/14.19.1/img/spell/PhosphorusBomb.png,https://ddragon.leagueoflegends.com/cdn/14.19.1/img/spell/CarpetBomb.png,https://ddragon.leagueoflegends.com/cdn/14.19.1/img/spell/GGun.png,https://ddragon.leagueoflegends.com/cdn/14.19.1/img/spell/MissileBarrage.png,https://ddragon.leagueoflegends.com/cdn/14.19.1/img/passive/Corki_RapidReload.png
darius,Darius,the Hand of Noxus,,Fighter,Noxus,"“History only remembers the victors. Stand with Noxus, and be remembered forever.”",Top,2012-05-23,https://ddragon.leagueoflegends.com/cdn/img/champion/splash/Darius_0.jpg,https://ddragon.leagueoflegends.com/cdn/14.19.1/img/spell/DariusCleave.png,https://ddragon.leagueoflegends.com/cdn/14.19.1/img/spell/DariusNoxianTacticsONH.png,https://ddragon.leagueoflegends.com/cdn/14.19.1/img/spell/DariusAxeGrabCone.png,https://ddragon.leagueoflegends.com/cdn/14.19.1/img/spell/DariusExecute.png,https://ddragon.leagueoflegends.com/cdn/14.19.1/img/passive/Darius_Icon_Hemorrhage.png
diana,Diana,Scorn of the Moon,,Fighter,Targon,“I am the light coursing in the soul of the moon.”,Jungle,2012-08-07,https://ddragon.leagueoflegends.com/cdn/img/champion/splash/Diana_0.jpg,https://ddragon.leagueoflegends.com/cdn/14.19.1/img/spell/DianaQ.png,https://ddragon.leagueoflegends.com/cdn/14.19.1/img/spell/DianaOrbs.png,https://ddragon.leagueoflegends.com/cdn/14.19.1/img/spell/DianaTeleport.png,https://ddragon.leagueoflegends.com/cdn/14.19.1/img/spell/DianaR.png,https://ddragon.leagueoflegends.com/cdn/14.19.1/img/passive/Diana_Passive_LunarBlade.png
draven,Draven,the Glorious Executioner,,Marksman,Noxus,'' 'The best' is wherever I decide to set the bar each day.'',ADC,2012-06-06,https://ddragon.leagueoflegends.com/cdn/img/champion/splash/Draven_0.jpg,https://ddragon.leagueoflegends.com/cdn/14.19.1/img/spell/DravenSpinning.png,https://ddragon.leagueoflegends.com/cdn/14.19.1/img/spell/DravenFury.png,https://ddragon.leagueoflegends.com/cdn/14.19.1/img/spell/DravenDoubleShot.png,https://ddragon.leagueoflegends.com/cdn/14.19.1/img/spell/DravenRCast.png,https://ddragon.leagueoflegends.com/cdn/14.19.1/img/passive/Draven_passive.png
drmundo,Dr. Mundo,the Madman of Zaun,,Fighter,Zaun,“Me must be good doctor. Patients never come back.”,Top,2009-09-02,https://ddragon.leagueoflegends.com/cdn/img/champion/splash/DrMundo_0.jpg,https://ddragon.leagueoflegends.com/cdn/14.19.1/img/spell/DrMundoQ.png,https://ddragon.leagueoflegends.com/cdn/14.19.1/img/spell/DrMundoW.png,https://ddragon.leagueoflegends.com/cdn/14.19.1/img/spell/DrMundoE.png,https://ddragon.leagueoflegends.com/cdn/14.19.1/img/spell/DrMundoR.png,https://ddragon.leagueoflegends.com/cdn/14.19.1/img/passive/DrMundo_P.png
ekko,Ekko,the Boy Who Shattered Time,,Assassin,Zaun,“My devices work best when they don’t work as intended… which is most of the time.”,Jungle,2015-05-29,https://ddragon.leagueoflegends.com/cdn/img/champion/splash/Ekko_0.jpg,https://ddragon.leagueoflegends.com/cdn/14.19.1/img/spell/EkkoQ.png,https://ddragon.leagueoflegends.com/cdn/14.19.1/img/spell/EkkoW.png,https://ddragon.leagueoflegends.com/cdn/14.19.1/img/spell/EkkoE.png,https://ddragon.leagueoflegends.com/cdn/14.19.1/img/spell/EkkoR.png,https://ddragon.leagueoflegends.com/cdn/14.19.1/img/passive/Ekko_P.png
elise,Elise,the Spider Queen,,Mage,Shadow Isles,"“Beauty is power too, and can strike swifter than any sword.”",Jungle,2012-10-26,https://ddragon.leagueoflegends.com/cdn/img/champion/splash/Elise_0.jpg,https://ddragon.leagueoflegends.com/cdn/14.19.1/img/spell/EliseHumanQ.png,https://ddragon.leagueoflegends.com/cdn/14.19.1/img/spell/EliseHumanW.png,https://ddragon.leagueoflegends.com/cdn/14.19.1/img/spell/EliseHumanE.png,https://ddragon.leagueoflegends.com/cdn/14.19.1/img/spell/EliseR.png,https://ddragon.leagueoflegends.com/cdn/14.19.1/img/passive/ElisePassive.png
evelynn,Evelynn,Agony's Embrace,,Assassin,Runeterra,“What are you doing tonight? How about we get together and unlock that vast well of torment inside you?”,Jungle,2009-05-01,https://ddragon.leagueoflegends.com/cdn/img/champion/splash/Evelynn_0.jpg,https://ddragon.leagueoflegends.com/cdn/14.19.1/img/spell/EvelynnQ.png,https://ddragon.leagueoflegends.com/cdn/14.19.1/img/spell/EvelynnW.png,https://ddragon.leagueoflegends.com/cdn/14.19.1/img/spell/EvelynnE.png,https://ddragon.leagueoflegends.com/cdn/14.19.1/img/spell/EvelynnR.png,https://ddragon.leagueoflegends.com/cdn/14.19.1/img/passive/Evelynn_Passive.png
ezreal,Ezreal,the Prodigal Explorer,,Marksman,Piltover,"“If I don’t know the rules, then how can I be breaking them?”",ADC,2010-03-16,https://ddragon.leagueoflegends.com/cdn/img/champion/splash/Ezreal_0.jpg,https://ddragon.leagueoflegends.com/cdn/14.19.1/img/spell/EzrealQ.png,https://ddragon.leagueoflegends.com/cdn/14.19.1/img/spell/EzrealW.png,https://ddragon.leagueoflegends.com/cdn/14.19.1/img/spell/EzrealE.png,https://ddragon.leagueoflegends.com/cdn/14.19.1/img/spell/EzrealR.png,https://ddragon.leagueoflegends.com/cdn/14.19.1/img/passive/Ezreal_RisingSpellForce.png
fiddlesticks,unknown victim,the Ancient Fear,,Mage,Runeterra,“It's hunting us. It knows what we're afraid of.”,Jungle,2009-02-21,https://ddragon.leagueoflegends.com/cdn/img/champion/splash/Fiddlesticks_0.jpg,https://ddragon.leagueoflegends.com/cdn/14.19.1/img/spell/FiddleSticksQ.png,https://ddragon.leagueoflegends.com/cdn/14.19.1/img/spell/FiddleSticksW.png,https://ddragon.leagueoflegends.com/cdn/14.19.1/img/spell/FiddleSticksE.png,https://ddragon.leagueoflegends.com/cdn/14.19.1/img/spell/FiddleSticksR.png,https://ddragon.leagueoflegends.com/cdn/14.19.1/img/passive/FiddlesticksP.png
fiora,Fiora,the Grand Duelist,,Fighter,Demacia,"“I have come to kill you for the sake of honor. And though you possess none, still you die.”",Top,2012-02-29,https://ddragon.leagueoflegends.com/cdn/img/champion/splash/Fiora_0.jpg,https://ddragon.leagueoflegends.com/cdn/14.19.1/img/spell/FioraQ.png,https://ddragon.leagueoflegends.com/cdn/14.19.1/img/spell/FioraW.png,https://ddragon.leagueoflegends.com/cdn/14.19.1/img/spell/FioraE.png,https://ddragon.leagueoflegends.com/cdn/14.19.1/img/spell/FioraR.png,https://ddragon.leagueoflegends.com/cdn/14.19.1/img/passive/Fiora_P.png
fizz,Fizz,the Tidal Trickster,,Assassin,Runeterra,“You people can’t even breathe water. You’re boring.”,Mid,2011-11-15,https://ddragon.leagueoflegends.com/cdn/img/champion/splash/Fizz_0.jpg,https://ddragon.leagueoflegends.com/cdn/14.19.1/img/spell/FizzQ.png,https://ddragon.leagueoflegends.com/cdn/14.19.1/img/spell/FizzW.png,https://ddragon.leagueoflegends.com/cdn/14.19.1/img/spell/FizzE.png,https://ddragon.leagueoflegends.com/cdn/14.19.1/img/spell/FizzR.png,https://ddragon.leagueoflegends.com/cdn/14.19.1/img/passive/Fizz_P.png
galio,Galio,the Colossus,,Tank,Demacia,"“Get behind me, Demacian! You may not have noticed, but I’m very large.”",Mid,2010-08-10,https://ddragon.leagueoflegends.com/cdn/img/champion/splash/Galio_0.jpg,https://ddragon.leagueoflegends.com/cdn/14.19.1/img/spell/GalioQ.png,https://ddragon.leagueoflegends.com/cdn/14.19.1/img/spell/GalioW.png,https://ddragon.leagueoflegends.com/cdn/14.19.1/img/spell/GalioE.png,https://ddragon.leagueoflegends.com/cdn/14.19.1/img/spell/GalioR.png,https://ddragon.leagueoflegends.com/cdn/14.19.1/img/passive/Galio_Passive.png
gangplank,Gangplank,the Saltwater Scourge,,Fighter,Bilgewater,"“I was cutting throats and sinking Noxian war galleys when you were still pissing your britches, boy. You don’t want to take me on.”",Top,2009-08-19,https://ddragon.leagueoflegends.com/cdn/img/champion/splash/Gangplank_0.jpg,https://ddragon.leagueoflegends.com/cdn/14.19.1/img/spell/GangplankQWrapper.png,https://ddragon.leagueoflegends.com/cdn/14.19.1/img/spell/GangplankW.png,https://ddragon.leagueoflegends.com/cdn/14.19.1/img/spell/GangplankE.png,https://ddragon.leagueoflegends.com/cdn/14.19.1/img/spell/GangplankR.png,https://ddragon.leagueoflegends.com/cdn/14.19.1/img/passive/Gangplank_Passive.png
garen,Garen,The Might of Demacia,,Fighter,Demacia,"“This kingdom, and its people, have given me everything. What kind of man would I be if I gave any less in return?”",Top,2010-04-27,https://ddragon.leagueoflegends.com/cdn/img/champion/splash/Garen_0.jpg,https://ddragon.leagueoflegends.com/cdn/14.19.1/img/spell/GarenQ.png,https://ddragon.leagueoflegends.com/cdn/14.19.1/img/spell/GarenW.png,https://ddragon.leagueoflegends.com/cdn/14.19.1/img/spell/GarenE.png,https://ddragon.leagueoflegends.com/cdn/14.19.1/img/spell/GarenR.png,https://ddragon.leagueoflegends.com/cdn/14.19.1/img/passive/Garen_Passive.png
gnar,Gnar,the Missing Link,,Fighter,Freljord,“Gnar!”,Top,2014-08-14,https://ddragon.leagueoflegends.com/cdn/img/champion/splash/Gnar_0.jpg,https://ddragon.leagueoflegends.com/cdn/14.19.1/img/spell/GnarQ.png,https://ddragon.leagueoflegends.com/cdn/14.19.1/img/spell/GnarW.png,https://ddragon.leagueoflegends.com/cdn/14.19.1/img/spell/GnarE.png,https://ddragon.leagueoflegends.com/cdn/14.19.1/img/spell/GnarR.png,https://ddragon.leagueoflegends.com/cdn/14.19.1/img/passive/Gnar_Passive.png
gragas,Gragas,the Rabble Rouser,,Fighter,Freljord,''Now this'll put hair on your chest!'',Top,2010-02-02,https://ddragon.leagueoflegends.com/cdn/img/champion/splash/Gragas_0.jpg,https://ddragon.leagueoflegends.com/cdn/14.19.1/img/spell/GragasQ.png,https://ddragon.leagueoflegends.com/cdn/14.19.1/img/spell/GragasW.png,https://ddragon.leagueoflegends.com/cdn/14.19.1/img/spell/GragasE.png,https://ddragon.leagueoflegends.com/cdn/14.19.1/img/spell/GragasR.png,https://ddragon.leagueoflegends.com/cdn/14.19.1/img/passive/GragasPassiveHeal.png
graves,Graves,the Outlaw,,Marksman,Bilgewater,"“We’re here for your gold, not your heads… so don’t nobody decide to be a hero.”",Jungle,2011-10-19,https://ddragon.leagueoflegends.com/cdn/img/champion/splash/Graves_0.jpg,https://ddragon.leagueoflegends.com/cdn/14.19.1/img/spell/GravesQLineSpell.png,https://ddragon.leagueoflegends.com/cdn/14.19.1/img/spell/GravesSmokeGrenade.png,https://ddragon.leagueoflegends.com/cdn/14.19.1/img/spell/GravesMove.png,https://ddragon.leagueoflegends.com/cdn/14.19.1/img/spell/GravesChargeShot.png,https://ddragon.leagueoflegends.com/cdn/14.19.1/img/passive/GravesTrueGrit.png
gwen,Gwen,the Hallowed Seamstress,,Fighter,Shadow Isles,“The wind at my back feels so good. I can’t lose this. I won’t.”,Top,2021-04-15,https://ddragon.leagueoflegends.com/cdn/img/champion/splash/Gwen_0.jpg,https://ddragon.leagueoflegends.com/cdn/14.19.1/img/spell/GwenQ.png,https://ddragon.leagueoflegends.com/cdn/14.19.1/img/spell/GwenW.png,https://ddragon.leagueoflegends.com/cdn/14.19.1/img/spell/GwenE.png,https://ddragon.leagueoflegends.com/cdn/14.19.1/img/spell/GwenR.png,https://ddragon.leagueoflegends.com/cdn/14.19.1/img/passive/Gwen_Passive.png
hecarim,Hecarim,the Shadow of War,,Fighter,Shadow Isles,"“Break their ranks, and ride them down without mercy. Crush the living. Feast on their terror.”",Jungle,2012-04-18,https://ddragon.leagueoflegends.com/cdn/img/champion/splash/Hecarim_0.jpg,https://ddragon.leagueoflegends.com/cdn/14.19.1/img/spell/HecarimRapidSlash.png,https://ddragon.leagueoflegends.com/cdn/14.19.1/img/spell/HecarimW.png,https://ddragon.leagueoflegends.com/cdn/14.19.1/img/spell/HecarimRamp.png,https://ddragon.leagueoflegends.com/cdn/14.19.1/img/spell/HecarimUlt.png,https://ddragon.leagueoflegends.com/cdn/14.19.1/img/passive/Hecarim_Passive.png
heimerdinger,Heimerdinger,the Revered Inventor,,Mage,Piltover,"“Impossible, you say? Nonsense. Just wait till you see my calculations!”",Mid,2009-10-10,https://ddragon.leagueoflegends.com/cdn/img/champion/splash/Heimerdinger_0.jpg,https://ddragon.leagueoflegends.com/cdn/14.19.1/img/spell/HeimerdingerQ.png,https://ddragon.leagueoflegends.com/cdn/14.19.1/img/spell/HeimerdingerW.png,https://ddragon.leagueoflegends.com/cdn/14.19.1/img/spell/HeimerdingerE.png,https://ddragon.leagueoflegends.com/cdn/14.19.1/img/spell/HeimerdingerR.png,https://ddragon.leagueoflegends.com/cdn/14.19.1/img/passive/Heimerdinger_Passive.png
hwei,Hwei,the Visionary,,Mage,Ionia,“Calm and chaos—leave everything on the canvas.”,Mid,2023-12-05,https://ddragon.leagueoflegends.com/cdn/img/champion/splash/Hwei_0.jpg,https://ddragon.leagueoflegends.com/cdn/14.19.1/img/spell/HweiQ.png,https://ddragon.leagueoflegends.com/cdn/14.19.1/img/spell/HweiW.png,https://ddragon.leagueoflegends.com/cdn/14.19.1/img/spell/HweiE.png,https://ddragon.leagueoflegends.com/cdn/14.19.1/img/spell/HweiR.png,https://ddragon.leagueoflegends.com/cdn/14.19.1/img/passive/HweiPassive.png
illaoi,Illaoi,the Kraken Priestess,,Fighter,Bilgewater,“Wisdom is frequently a kick in the head.”,Top,2015-11-24,https://ddragon.leagueoflegends.com/cdn/img/champion/splash/Illaoi_0.jpg,https://ddragon.leagueoflegends.com/cdn/14.19.1/img/spell/IllaoiQ.png,https://ddragon.leagueoflegends.com/cdn/14.19.1/img/spell/IllaoiW.png,https://ddragon.leagueoflegends.com/cdn/14.19.1/img/spell/IllaoiE.png,https://ddragon.leagueoflegends.com/cdn/14.19.1/img/spell/IllaoiR.png,https://ddragon.leagueoflegends.com/cdn/14.19.1/img/passive/Illaoi_P.png
irelia,Irelia,the Blade Dancer,,Fighter,Ionia,"“There was a time when I danced only for myself. Now, I dance for the First Lands.”",Top,2010-11-16,https://ddragon.leagueoflegends.com/cdn/img/champion/splash/Irelia_0.jpg,https://ddragon.leagueoflegends.com/cdn/14.19.1/img/spell/IreliaQ.png,https://ddragon.leagueoflegends.com/cdn/14.19.1/img/spell/IreliaW.png,https://ddragon.leagueoflegends.com/cdn/14.19.1/img/spell/IreliaE.png,https://ddragon.leagueoflegends.com/cdn/14.19.1/img/spell/IreliaR.png,https://ddragon.leagueoflegends.com/cdn/14.19.1/img/passive/Irelia_Passive.png
ivern,Ivern,the Green Father,,Support,Ionia,“The cleverness of mushrooms always surprises me.”,Jungle,2016-10-05,https://ddragon.leagueoflegends.com/cdn/img/champion/splash/Ivern_0.jpg,https://ddragon.leagueoflegends.com/cdn/14.19.1/img/spell/IvernQ.png,https://ddragon.leagueoflegends.com/cdn/14.19.1/img/spell/IvernW.png,https://ddragon.leagueoflegends.com/cdn/14.19.1/img/spell/IvernE.png,https://ddragon.leagueoflegends.com/cdn/14.19.1/img/spell/IvernR.png,https://ddragon.leagueoflegends.com/cdn/14.19.1/img/passive/IvernP.png
janna,Janna,the Storm's Fury,,Support,Zaun,“Do not fear the winds of change—they will always be at your back.”,Support,2009-09-02,https://ddragon.leagueoflegends.com/cdn/img/champion/splash/Janna_0.jpg,https://ddragon.leagueoflegends.com/cdn/14.19.1/img/spell/HowlingGale.png,https://ddragon.leagueoflegends.com/cdn/14.19.1/img/spell/SowTheWind.png,https://ddragon.leagueoflegends.com/cdn/14.19.1/img/spell/EyeOfTheStorm.png,https://ddragon.leagueoflegends.com/cdn/14.19.1/img/spell/ReapTheWhirlwind.png,https://ddragon.leagueoflegends.com/cdn/14.19.1/img/passive/Janna_Tailwind.png
jarvaniv,Jarvan IV,the Exemplar of Demacia,,Tank,Demacia,"“Words may make a ruler, but only actions make history.”",Jungle,2011-03-01,https://ddragon.leagueoflegends.com/cdn/img/champion/splash/JarvanIV_0.jpg,https://ddragon.leagueoflegends.com/cdn/14.19.1/img/spell/JarvanIVDragonStrike.png,https://ddragon.leagueoflegends.com/cdn/14.19.1/img/spell/JarvanIVGoldenAegis.png,https://ddragon.leagueoflegends.com/cdn/14.19.1/img/spell/JarvanIVDemacianStandard.png,https://ddragon.leagueoflegends.com/cdn/14.19.1/img/spell/JarvanIVCataclysm.png,https://ddragon.leagueoflegends.com/cdn/14.19.1/img/passive/JarvanIVP.png
jax,Jax,Grandmaster at Arms,,Fighter,Runeterra,“Strength and will are what make a weapon.”,Top,2009-02-21,https://ddragon.leagueoflegends.com/cdn/img/champion/splash/Jax_0.jpg,https://ddragon.leagueoflegends.com/cdn/14.19.1/img/spell/JaxQ.png,https://ddragon.leagueoflegends.com/cdn/14.19.1/img/spell/JaxW.png,https://ddragon.leagueoflegends.com/cdn/14.19.1/img/spell/JaxE.png,https://ddragon.leagueoflegends.com/cdn/14.19.1/img/spell/JaxR.png,https://ddragon.leagueoflegends.com/cdn/14.19.1/img/passive/Armsmaster_MasterOfArms.png
jayce,Jayce,the Defender of Tomorrow,,Fighter,Piltover,“Picking a fight with me is the dumbest thing you’ve done today – and that’s saying a lot.”,Top,2012-07-07,https://ddragon.leagueoflegends.com/cdn/img/champion/splash/Jayce_0.jpg,https://ddragon.leagueoflegends.com/cdn/14.19.1/img/spell/JayceToTheSkies.png,https://ddragon.leagueoflegends.com/cdn/14.19.1/img/spell/JayceStaticField.png,https://ddragon.leagueoflegends.com/cdn/14.19.1/img/spell/JayceThunderingBlow.png,https://ddragon.leagueoflegends.com/cdn/14.19.1/img/spell/JayceStanceHtG.png,https://ddragon.leagueoflegends.com/cdn/14.19.1/img/passive/Jayce_Passive.png
jhin,Jhin,the Virtuoso,,Marksman,Ionia,“Art requires a certain… cruelty.”,ADC,2016-02-01,https://ddragon.leagueoflegends.com/cdn/img/champion/splash/Jhin_0.jpg,https://ddragon.leagueoflegends.com/cdn/14.19.1/img/spell/JhinQ.png,https://ddragon.leagueoflegends.com/cdn/14.19.1/img/spell/JhinW.png,https://ddragon.leagueoflegends.com/cdn/14.19.1/img/spell/JhinE.png,https://ddragon.leagueoflegends.com/cdn/14.19.1/img/spell/JhinR.png,https://ddragon.leagueoflegends.com/cdn/14.19.1/img/passive/Jhin_P.png
jinx,Jinx,the Loose Cannon,,Marksman,Zaun,“Volatile explosives are a girl’s best friend!”,ADC,2013-10-10,https://ddragon.leagueoflegends.com/cdn/img/champion/splash/Jinx_0.jpg,https://ddragon.leagueoflegends.com/cdn/14.19.1/img/spell/JinxQ.png,https://ddragon.leagueoflegends.com/cdn/14.19.1/img/spell/JinxW.png,https://ddragon.leagueoflegends.com/cdn/14.19.1/img/spell/JinxE.png,https://ddragon.leagueoflegends.com/cdn/14.19.1/img/spell/JinxR.png,https://ddragon.leagueoflegends.com/cdn/14.19.1/img/passive/Jinx_Passive.png
kaisa,Kai'Sa,Daughter of the Void,,Marksman,The Void,"“My appearance may frighten you, but make no mistake—I am on your side, and we fight to the bitter end.”",ADC,2018-03-07,https://ddragon.leagueoflegends.com/cdn/img/champion/splash/Kaisa_0.jpg,https://ddragon.leagueoflegends.com/cdn/14.19.1/img/spell/KaisaQ.png,https://ddragon.leagueoflegends.com/cdn/14.19.1/img/spell/KaisaW.png,https://ddragon.leagueoflegends.com/cdn/14.19.1/img/spell/KaisaE.png,https://ddragon.leagueoflegends.com/cdn/14.19.1/img/spell/KaisaR.png,https://ddragon.leagueoflegends.com/cdn/14.19.1/img/passive/Kaisa_Passive.png
kalista,Kalista,the Spear of Vengeance,,Marksman,Shadow Isles,"“Turncoats, oath breakers and betrayers… we hate them all.”",ADC,2014-11-20,https://ddragon.leagueoflegends.com/cdn/img/champion/splash/Kalista_0.jpg,https://ddragon.leagueoflegends.com/cdn/14.19.1/img/spell/KalistaMysticShot.png,https://ddragon.leagueoflegends.com/cdn/14.19.1/img/spell/KalistaW.png,https://ddragon.leagueoflegends.com/cdn/14.19.1/img/spell/KalistaExpungeWrapper.png,https://ddragon.leagueoflegends.com/cdn/14.19.1/img/spell/KalistaRx.png,https://ddragon.leagueoflegends.com/cdn/14.19.1/img/passive/Kalista_Passive.png
karma,Karma,the Enlightened One,,Mage,Ionia,"As Ionia changes, so must I.",Support,2011-02-01,https://ddragon.leagueoflegends.com/cdn/img/champion/splash/Karma_0.jpg,https://ddragon.leagueoflegends.com/cdn/14.19.1/img/spell/KarmaQ.png,https://ddragon.leagueoflegends.com/cdn/14.19.1/img/spell/KarmaSpiritBind.png,https://ddragon.leagueoflegends.com/cdn/14.19.1/img/spell/KarmaSolKimShield.png,https://ddragon.leagueoflegends.com/cdn/14.19.1/img/spell/KarmaMantra.png,https://ddragon.leagueoflegends.com/cdn/14.19.1/img/passive/Karma_Passive.png
karthus,Karthus,the Deathsinger,,Mage,Shadow Isles,"“Death is not the end of the journey, it is just the beginning...”",Jungle,2009-06-12,https://ddragon.leagueoflegends.com/cdn/img/champion/splash/Karthus_0.jpg,https://ddragon.leagueoflegends.com/cdn/14.19.1/img/spell/KarthusLayWasteA1.png,https://ddragon.leagueoflegends.com/cdn/14.19.1/img/spell/KarthusWallOfPain.png,https://ddragon.leagueoflegends.com/cdn/14.19.1/img/spell/KarthusDefile.png,https://ddragon.leagueoflegends.com/cdn/14.19.1/img/spell/KarthusFallenOne.png,https://ddragon.leagueoflegends.com/cdn/14.19.1/img/passive/Karthus_Passive.png
kassadin,Kassadin,the Void Walker,,Assassin,The Void,“There are few indeed who may tread the paths between worlds.”,Mid,2009-08-07,https://ddragon.leagueoflegends.com/cdn/img/champion/splash/Kassadin_0.jpg,https://ddragon.leagueoflegends.com/cdn/14.19.1/img/spell/NullLance.png,https://ddragon.leagueoflegends.com/cdn/14.19.1/img/spell/NetherBlade.png,https://ddragon.leagueoflegends.com/cdn/14.19.1/img/spell/ForcePulse.png,https://ddragon.leagueoflegends.com/cdn/14.19.1/img/spell/RiftWalk.png,https://ddragon.leagueoflegends.com/cdn/14.19.1/img/passive/Kassadin_Passive.png
katarina,Katarina,the Sinister Blade,,Assassin,Noxus,''Never question my loyalty. You will never know what I endure for it.'',Mid,2009-09-19,https://ddragon.leagueoflegends.com/cdn/img/champion/splash/Katarina_0.jpg,https://ddragon.leagueoflegends.com/cdn/14.19.1/img/spell/KatarinaQ.png,https://ddragon.leagueoflegends.com/cdn/14.19.1/img/spell/KatarinaW.png,https://ddragon.leagueoflegends.com/cdn/14.19.1/img/spell/KatarinaEWrapper.png,https://ddragon.leagueoflegends.com/cdn/14.19.1/img/spell/KatarinaR.png,https://ddragon.leagueoflegends.com/cdn/14.19.1/img/passive/Katarina_Passive.png
kayle,Kayle,The Righteous,,Fighter,Demacia,“No human is perfect. But I am not human.”,Top,2009-02-21,https://ddragon.leagueoflegends.com/cdn/img/champion/splash/Kayle_0.jpg,https://ddragon.leagueoflegends.com/cdn/14.19.1/img/spell/KayleQ.png,https://ddragon.leagueoflegends.com/cdn/14.19.1/img/spell/KayleW.png,https://ddragon.leagueoflegends.com/cdn/14.19.1/img/spell/KayleE.png,https://ddragon.leagueoflegends.com/cdn/14.19.1/img/spell/KayleR.png,https://ddragon.leagueoflegends.com/cdn/14.19.1/img/passive/Kayle_P.png
kayn,Kayn,the Shadow Reaper,Darkin,Assassin,Ionia,“The child is gone. The killer remains.”,Jungle,2017-07-12,https://ddragon.leagueoflegends.com/cdn/img/champion/splash/Kayn_0.jpg,https://ddragon.leagueoflegends.com/cdn/14.19.1/img/spell/KaynQ.png,https://ddragon.leagueoflegends.com/cdn/14.19.1/img/spell/KaynW.png,https://ddragon.leagueoflegends.com/cdn/14.19.1/img/spell/KaynE.png,https://ddragon.leagueoflegends.com/cdn/14.19.1/img/spell/KaynR.png,https://ddragon.leagueoflegends.com/cdn/14.19.1/img/passive/Kayn_Passive_Primary.png
kennen,Kennen,the Heart of the Tempest,,Mage,Ionia,"“I exist across realms, in the space between lightning’s strike and thunder’s call, the true balance within the storm.”",Top,2010-04-08,https://ddragon.leagueoflegends.com/cdn/img/champion/splash/Kennen_0.jpg,https://ddragon.leagueoflegends.com/cdn/14.19.1/img/spell/KennenShurikenHurlMissile1.png,https://ddragon.leagueoflegends.com/cdn/14.19.1/img/spell/KennenBringTheLight.png,https://ddragon.leagueoflegends.com/cdn/14.19.1/img/spell/KennenLightningRush.png,https://ddragon.leagueoflegends.com/cdn/14.19.1/img/spell/KennenShurikenStorm.png,https://ddragon.leagueoflegends.com/cdn/14.19.1/img/passive/Kennen_Passive.png
khazix,Kha'Zix,the Voidreaver,,Assassin,The Void,''Kill. Consume. Adapt.'',Jungle,2012-09-27,https://ddragon.leagueoflegends.com/cdn/img/champion/splash/Khazix_0.jpg,https://ddragon.leagueoflegends.com/cdn/14.19.1/img/spell/KhazixQ.png,https://ddragon.leagueoflegends.com/cdn/14.19.1/img/spell/KhazixW.png,https://ddragon.leagueoflegends.com/cdn/14.19.1/img/spell/KhazixE.png,https://ddragon.leagueoflegends.com/cdn/14.19.1/img/spell/KhazixR.png,https://ddragon.leagueoflegends.com/cdn/14.19.1/img/passive/Khazix_P.png
kindred,Kindred,The Eternal Hunters,,Marksman,Runeterra,"“Tell me again, little Lamb, which things are ours to take?”“All things, dear Wolf.”",Jungle,2015-10-14,https://ddragon.leagueoflegends.com/cdn/img/champion/splash/Kindred_0.jpg,https://ddragon.leagueoflegends.com/cdn/14.19.1/img/spell/KindredQ.png,https://ddragon.leagueoflegends.com/cdn/14.19.1/img/spell/KindredW.png,https://ddragon.leagueoflegends.com/cdn/14.19.1/img/spell/KindredEWrapper.png,https://ddragon.leagueoflegends.com/cdn/14.19.1/img/spell/KindredR.png,https://ddragon.leagueoflegends.com/cdn/14.19.1/img/passive/Kindred_Passive.png
kled,Kled,the Cantankerous Cavalier,,Fighter,Noxus,“A sane man would run… but I ain’t the runnin’ kind!”,Top,2016-08-10,https://ddragon.leagueoflegends.com/cdn/img/champion/splash/Kled_0.jpg,https://ddragon.leagueoflegends.com/cdn/14.19.1/img/spell/KledQ.png,https://ddragon.leagueoflegends.com/cdn/14.19.1/img/spell/KledW.png,https://ddragon.leagueoflegends.com/cdn/14.19.1/img/spell/KledE.png,https://ddragon.leagueoflegends.com/cdn/14.19.1/img/spell/KledR.png,https://ddragon.leagueoflegends.com/cdn/14.19.1/img/passive/Kled_P.png
kogmaw,Tryndamere,the Mouth of the Abyss,,Marksman,The Void,"“If that's just hungry, I don't want to see angry.”",ADC,2010-06-24,https://ddragon.leagueoflegends.com/cdn/img/champion/splash/KogMaw_0.jpg,https://ddragon.leagueoflegends.com/cdn/14.19.1/img/spell/KogMawQ.png,https://ddragon.leagueoflegends.com/cdn/14.19.1/img/spell/KogMawBioArcaneBarrage.png,https://ddragon.leagueoflegends.com/cdn/14.19.1/img/spell/KogMawVoidOoze.png,https://ddragon.leagueoflegends.com/cdn/14.19.1/img/spell/KogMawLivingArtillery.png,https://ddragon.leagueoflegends.com/cdn/14.19.1/img/passive/KogMaw_IcathianSurprise.png
ksante,K’Sante,the Pride of Nazumah,,Tank,Shurima,“No monster greater than pride.”,Top,2022-11-02,https://ddragon.leagueoflegends.com/cdn/img/champion/splash/KSante_0.jpg,https://ddragon.leagueoflegends.com/cdn/14.19.1/img/spell/KSanteQ.png,https://ddragon.leagueoflegends.com/cdn/14.19.1/img/spell/KSanteW.png,https://ddragon.leagueoflegends.com/cdn/14.19.1/img/spell/KSanteE.png,https://ddragon.leagueoflegends.com/cdn/14.19.1/img/spell/KSanteR.png,https://ddragon.leagueoflegends.com/cdn/14.19.1/img/passive/Icons_KSante_P.png
leblanc,LeBlanc,the Deceiver,,Assassin,Noxus,"“A rose cannot grow in darkness. It dies, and the darkness grows…”",Mid,2010-11-02,https://ddragon.leagueoflegends.com/cdn/img/champion/splash/Leblanc_0.jpg,https://ddragon.leagueoflegends.com/cdn/14.19.1/img/spell/LeblancQ.png,https://ddragon.leagueoflegends.com/cdn/14.19.1/img/spell/LeblancW.png,https://ddragon.leagueoflegends.com/cdn/14.19.1/img/spell/LeblancE.png,https://ddragon.leagueoflegends.com/cdn/14.19.1/img/spell/LeblancR.png,https://ddragon.leagueoflegends.com/cdn/14.19.1/img/passive/LeBlancP.png
leesin,Lee Sin,the Blind Monk,,Fighter,Ionia,“Enlightenment is knowing the value of one’s ignorance.”,Jungle,2011-04-02,https://ddragon.leagueoflegends.com/cdn/img/champion/splash/LeeSin_0.jpg,https://ddragon.leagueoflegends.com/cdn/14.19.1/img/spell/LeeSinQOne.png,https://ddragon.leagueoflegends.com/cdn/14.19.1/img/spell/LeeSinWOne.png,https://ddragon.leagueoflegends.com/cdn/14.19.1/img/spell/LeeSinEOne.png,https://ddragon.leagueoflegends.com/cdn/14.19.1/img/spell/LeeSinR.png,https://ddragon.leagueoflegends.com/cdn/14.19.1/img/passive/LeeSinPassive.png
leona,Leona,the Radiant Dawn,,Tank,Targon,"“By the light of the Sun, the world is beheld.”",Support,2011-07-13,https://ddragon.leagueoflegends.com/cdn/img/champion/splash/Leona_0.jpg,https://ddragon.leagueoflegends.com/cdn/14.19.1/img/spell/LeonaShieldOfDaybreak.png,https://ddragon.leagueoflegends.com/cdn/14.19.1/img/spell/LeonaSolarBarrier.png,https://ddragon.leagueoflegends.com/cdn/14.19.1/img/spell/LeonaZenithBlade.png,https://ddragon.leagueoflegends.com/cdn/14.19.1/img/spell/LeonaSolarFlare.png,https://ddragon.leagueoflegends.com/cdn/14.19.1/img/passive/LeonaSunlight.png
lillia,Lillia,the Bashful Bloom,,Fighter,Ionia,"“When the humans bloom, it’s so beautiful… I can help them! Maybe. Possibly? Perhaps…”",Jungle,2020-07-22,https://ddragon.leagueoflegends.com/cdn/img/champion/splash/Lillia_0.jpg,https://ddragon.leagueoflegends.com/cdn/14.19.1/img/spell/LilliaQ.png,https://ddragon.leagueoflegends.com/cdn/14.19.1/img/spell/LilliaW.png,https://ddragon.leagueoflegends.com/cdn/14.19.1/img/spell/LilliaE.png,https://ddragon.leagueoflegends.com/cdn/14.19.1/img/spell/LilliaR.png,https://ddragon.leagueoflegends.com/cdn/14.19.1/img/passive/Lillia_Icon_Passive.png
lissandra,Lissandra,the Ice Witch,,Mage,Freljord,"“So many secrets, buried in ice...”",Mid,2013-04-30,https://ddragon.leagueoflegends.com/cdn/img/champion/splash/Lissandra_0.jpg,https://ddragon.leagueoflegends.com/cdn/14.19.1/img/spell/LissandraQ.png,https://ddragon.leagueoflegends.com/cdn/14.19.1/img/spell/LissandraW.png,https://ddragon.leagueoflegends.com/cdn/14.19.1/img/spell/LissandraE.png,https://ddragon.leagueoflegends.com/cdn/14.19.1/img/spell/LissandraR.png,https://ddragon.leagueoflegends.com/cdn/14.19.1/img/passive/Lissandra_Passive.png
lucian,Lucian,the Purifier,,Marksman,Runeterra,"“Wield the light, endure the pain, and cleanse all shadow from this world.”",ADC,2013-08-22,https://ddragon.leagueoflegends.com/cdn/img/champion/splash/Lucian_0.jpg,https://ddragon.leagueoflegends.com/cdn/14.19.1/img/spell/LucianQ.png,https://ddragon.leagueoflegends.com/cdn/14.19.1/img/spell/LucianW.png,https://ddragon.leagueoflegends.com/cdn/14.19.1/img/spell/LucianE.png,https://ddragon.leagueoflegends.com/cdn/14.19.1/img/spell/LucianR.png,https://ddragon.leagueoflegends.com/cdn/14.19.1/img/passive/Lucian_Passive.png
lulu,Lulu,the Fae Sorceress,,Support,Bandle City,"''The best path between two points is upside-down, between, then inside-out and round again.''",Support,2012-03-20,https://ddragon.leagueoflegends.com/cdn/img/champion/splash/Lulu_0.jpg,https://ddragon.leagueoflegends.com/cdn/14.19.1/img/spell/LuluQ.png,https://ddragon.leagueoflegends.com/cdn/14.19.1/img/spell/LuluW.png,https://ddragon.leagueoflegends.com/cdn/14.19.1/img/spell/LuluE.png,https://ddragon.leagueoflegends.com/cdn/14.19.1/img/spell/LuluR.png,https://ddragon.leagueoflegends.com/cdn/14.19.1/img/passive/Lulu_PixFaerieCompanion.png
lux,Lux,the Lady of Luminosity,,Mage,Demacia,"“The light inside is what makes me different, and I’m always careful where I shine it.”",Support,2010-10-19,https://ddragon.leagueoflegends.com/cdn/img/champion/splash/Lux_0.jpg,https://ddragon.leagueoflegends.com/cdn/14.19.1/img/spell/LuxLightBinding.png,https://ddragon.leagueoflegends.com/cdn/14.19.1/img/spell/LuxPrismaticWave.png,https://ddragon.leagueoflegends.com/cdn/14.19.1/img/spell/LuxLightStrikeKugel.png,https://ddragon.leagueoflegends.com/cdn/14.19.1/img/spell/LuxR.png,https://ddragon.leagueoflegends.com/cdn/14.19.1/img/passive/LuxIlluminatingFraulein.png
malphite,Malphite,Shard of the Monolith,,Tank,Ixtal,"“Beware, minions of chaos! The Shard of the Monolith has come.”",Top,2009-09-02,https://ddragon.leagueoflegends.com/cdn/img/champion/splash/Malphite_0.jpg,https://ddragon.leagueoflegends.com/cdn/14.19.1/img/spell/SeismicShard.png,https://ddragon.leagueoflegends.com/cdn/14.19.1/img/spell/Obduracy.png,https://ddragon.leagueoflegends.com/cdn/14.19.1/img/spell/Landslide.png,https://ddragon.leagueoflegends.com/cdn/14.19.1/img/spell/UFSlash.png,https://ddragon.leagueoflegends.com/cdn/14.19.1/img/passive/Malphite_GraniteShield.png
malzahar,Malzahar,the Prophet of the Void,,Mage,The Void,“We are timeless. We demand sacrifice.”,Mid,2010-06-01,https://ddragon.leagueoflegends.com/cdn/img/champion/splash/Malzahar_0.jpg,https://ddragon.leagueoflegends.com/cdn/14.19.1/img/spell/MalzaharQ.png,https://ddragon.leagueoflegends.com/cdn/14.19.1/img/spell/MalzaharW.png,https://ddragon.leagueoflegends.com/cdn/14.19.1/img/spell/MalzaharE.png,https://ddragon.leagueoflegends.com/cdn/14.19.1/img/spell/MalzaharR.png,https://ddragon.leagueoflegends.com/cdn/14.19.1/img/passive/Malzahar_Passive.png
maokai,Maokai,the Twisted Treant,,Tank,Shadow Isles,"“All around me are empty husks, soulless and unafraid... but I will bring them fear.”",Support,2011-02-16,https://ddragon.leagueoflegends.com/cdn/img/champion/splash/Maokai_0.jpg,https://ddragon.leagueoflegends.com/cdn/14.19.1/img/spell/MaokaiQ.png,https://ddragon.leagueoflegends.com/cdn/14.19.1/img/spell/MaokaiW.png,https://ddragon.leagueoflegends.com/cdn/14.19.1/img/spell/MaokaiE.png,https://ddragon.leagueoflegends.com/cdn/14.19.1/img/spell/MaokaiR.png,https://ddragon.leagueoflegends.com/cdn/14.19.1/img/passive/Maokai_Passive.png
masteryi,Master Yi,the Wuju Bladesman,,Assassin,Ionia,''The edge of the sharpest blade is no match for the calm of the peaceful mind.'',Jungle,2009-02-21,https://ddragon.leagueoflegends.com/cdn/img/champion/splash/MasterYi_0.jpg,https://ddragon.leagueoflegends.com/cdn/14.19.1/img/spell/AlphaStrike.png,https://ddragon.leagueoflegends.com/cdn/14.19.1/img/spell/Meditate.png,https://ddragon.leagueoflegends.com/cdn/14.19.1/img/spell/WujuStyle.png,https://ddragon.leagueoflegends.com/cdn/14.19.1/img/spell/Highlander.png,https://ddragon.leagueoflegends.com/cdn/14.19.1/img/passive/MasterYi_Passive1.png
milio,Milio,the Gentle Flame,,Support,Ixtal,"""The light inside us, our inner flame... That's the heart of my fire.""",Support,2023-03-22,https://ddragon.leagueoflegends.com/cdn/img/champion/splash/Milio_0.jpg,https://ddragon.leagueoflegends.com/cdn/14.19.1/img/spell/MilioQ.png,https://ddragon.leagueoflegends.com/cdn/14.19.1/img/spell/MilioW.png,https://ddragon.leagueoflegends.com/cdn/14.19.1/img/spell/MilioE.png,https://ddragon.leagueoflegends.com/cdn/14.19.1/img/spell/MilioR.png,https://ddragon.leagueoflegends.com/cdn/14.19.1/img/passive/Milio_P.png
missfortune,Miss Fortune,the Bounty Hunter,,Marksman,Bilgewater,"“The bigger the risk, the bigger the bounty.”",ADC,2010-09-08,https://ddragon.leagueoflegends.com/cdn/img/champion/splash/MissFortune_0.jpg,https://ddragon.leagueoflegends.com/cdn/14.19.1/img/spell/MissFortuneRicochetShot.png,https://ddragon.leagueoflegends.com/cdn/14.19.1/img/spell/MissFortuneViciousStrikes.png,https://ddragon.leagueoflegends.com/cdn/14.19.1/img/spell/MissFortuneScattershot.png,https://ddragon.leagueoflegends.com/cdn/14.19.1/img/spell/MissFortuneBulletTime.png,https://ddragon.leagueoflegends.com/cdn/14.19.1/img/passive/MissFortune_W.png
monkeyking,Wukong,the Monkey King,Vastaya,Fighter,Ionia,“My journey is only beginning…”,Top,2011-07-26,https://ddragon.leagueoflegends.com/cdn/img/champion/splash/MonkeyKing_0.jpg,https://ddragon.leagueoflegends.com/cdn/14.19.1/img/spell/MonkeyKingDoubleAttack.png,https://ddragon.leagueoflegends.com/cdn/14.19.1/img/spell/MonkeyKingDecoy.png,https://ddragon.leagueoflegends.com/cdn/14.19.1/img/spell/MonkeyKingNimbus.png,https://ddragon.leagueoflegends.com/cdn/14.19.1/img/spell/MonkeyKingSpinToWin.png,https://ddragon.leagueoflegends.com/cdn/14.19.1/img/passive/MonkeyKingStoneSkin.png
mordekaiser,Mordekaiser,the Iron Revenant,,Fighter,Noxus,“Destiny. Domination. Deceit.”,Top,2010-02-24,https://ddragon.leagueoflegends.com/cdn/img/champion/splash/Mordekaiser_0.jpg,https://ddragon.leagueoflegends.com/cdn/14.19.1/img/spell/MordekaiserQ.png,https://ddragon.leagueoflegends.com/cdn/14.19.1/img/spell/MordekaiserW.png,https://ddragon.leagueoflegends.com/cdn/14.19.1/img/spell/MordekaiserE.png,https://ddragon.leagueoflegends.com/cdn/14.19.1/img/spell/MordekaiserR.png,https://ddragon.leagueoflegends.com/cdn/14.19.1/img/passive/MordekaiserPassive.png
morgana,Morgana,The Fallen,,Mage,Demacia,“Only those you love can break your heart.”,Support,2009-02-21,https://ddragon.leagueoflegends.com/cdn/img/champion/splash/Morgana_0.jpg,https://ddragon.leagueoflegends.com/cdn/14.19.1/img/spell/MorganaQ.png,https://ddragon.leagueoflegends.com/cdn/14.19.1/img/spell/MorganaW.png,https://ddragon.leagueoflegends.com/cdn/14.19.1/img/spell/MorganaE.png,https://ddragon.leagueoflegends.com/cdn/14.19.1/img/spell/MorganaR.png,https://ddragon.leagueoflegends.com/cdn/14.19.1/img/passive/FallenAngel_Empathize.png
naafiri,Naafiri,the Hound of a Hundred Bites,Darkin,Assassin,Shurima,“We track for a thousand years. None can flee for that long.”,Mid,2023-07-19,https://ddragon.leagueoflegends.com/cdn/img/champion/splash/Naafiri_0.jpg,https://ddragon.leagueoflegends.com/cdn/14.19.1/img/spell/NaafiriQ.png,https://ddragon.leagueoflegends.com/cdn/14.19.1/img/spell/NaafiriW.png,https://ddragon.leagueoflegends.com/cdn/14.19.1/img/spell/NaafiriE.png,https://ddragon.leagueoflegends.com/cdn/14.19.1/img/spell/NaafiriR.png,https://ddragon.leagueoflegends.com/cdn/14.19.1/img/passive/Icons_Naafiri_P.png
nami,Nami,the Tidecaller,Vastaya,Support,Runeterra,“I decide what the tide will bring.”,Support,2012-12-07,https://ddragon.leagueoflegends.com/cdn/img/champion/splash/Nami_0.jpg,https://ddragon.leagueoflegends.com/cdn/14.19.1/img/spell/NamiQ.png,https://ddragon.leagueoflegends.com/cdn/14.19.1/img/spell/NamiW.png,https://ddragon.leagueoflegends.com/cdn/14.19.1/img/spell/NamiE.png,https://ddragon.leagueoflegends.com/cdn/14.19.1/img/spell/NamiR.png,https://ddragon.leagueoflegends.com/cdn/14.19.1/img/passive/NamiPassive.png
nasus,Nasus,the Curator of the Sands,,Fighter,Shurima,"“For centuries, I have watched. We approach a time of reckoning.”",Top,2009-10-01,https://ddragon.leagueoflegends.com/cdn/img/champion/splash/Nasus_0.jpg,https://ddragon.leagueoflegends.com/cdn/14.19.1/img/spell/NasusQ.png,https://ddragon.leagueoflegends.com/cdn/14.19.1/img/spell/NasusW.png,https://ddragon.leagueoflegends.com/cdn/14.19.1/img/spell/NasusE.png,https://ddragon.leagueoflegends.com/cdn/14.19.1/img/spell/NasusR.png,https://ddragon.leagueoflegends.com/cdn/14.19.1/img/passive/Nasus_Passive.png
nautilus,Nautilus,the Titan of the Depths,,Tank,Bilgewater,"''When consumed by utter darkness, there is nothing left but forward.''",Support,2012-02-14,https://ddragon.leagueoflegends.com/cdn/img/champion/splash/Nautilus_0.jpg,https://ddragon.leagueoflegends.com/cdn/14.19.1/img/spell/NautilusAnchorDrag.png,https://ddragon.leagueoflegends.com/cdn/14.19.1/img/spell/NautilusPiercingGaze.png,https://ddragon.leagueoflegends.com/cdn/14.19.1/img/spell/NautilusSplashZone.png,https://ddragon.leagueoflegends.com/cdn/14.19.1/img/spell/NautilusGrandLine.png,https://ddragon.leagueoflegends.com/cdn/14.19.1/img/passive/Nautilus_StaggeringBlow.png
neeko,Neeko,the Curious Chameleon,Vastaya,Mage,Ixtal,"“The Oovi-Kat are gone. Neeko must build her own tribe, now.”",Mid,2018-12-05,https://ddragon.leagueoflegends.com/cdn/img/champion/splash/Neeko_0.jpg,https://ddragon.leagueoflegends.com/cdn/14.19.1/img/spell/NeekoQ.png,https://ddragon.leagueoflegends.com/cdn/14.19.1/img/spell/NeekoW.png,https://ddragon.leagueoflegends.com/cdn/14.19.1/img/spell/NeekoE.png,https://ddragon.leagueoflegends.com/cdn/14.19.1/img/spell/NeekoR.png,https://ddragon.leagueoflegends.com/cdn/14.19.1/img/passive/Neeko_P.png
nidalee,Nidalee,the Bestial Huntress,,Assassin,Ixtal,“The untamed know no fear.”,Jungle,2009-12-17,https://ddragon.leagueoflegends.com/cdn/img/champion/splash/Nidalee_0.jpg,https://ddragon.leagueoflegends.com/cdn/14.19.1/img/spell/JavelinToss.png,https://ddragon.leagueoflegends.com/cdn/14.19.1/img/spell/Bushwhack.png,https://ddragon.leagueoflegends.com/cdn/14.19.1/img/spell/PrimalSurge.png,https://ddragon.leagueoflegends.com/cdn/14.19.1/img/spell/AspectOfTheCougar.png,https://ddragon.leagueoflegends.com/cdn/14.19.1/img/passive/Nidalee_Passive.png
nilah,Nilah,the Joy Unbound,,Marksman,Bilgewater,"“Bliss in life, and bliss forever after.”",ADC,2022-07-13,https://ddragon.leagueoflegends.com/cdn/img/champion/splash/Nilah_0.jpg,https://ddragon.leagueoflegends.com/cdn/14.19.1/img/spell/NilahQ.png,https://ddragon.leagueoflegends.com/cdn/14.19.1/img/spell/NilahW.png,https://ddragon.leagueoflegends.com/cdn/14.19.1/img/spell/NilahE.png,https://ddragon.leagueoflegends.com/cdn/14.19.1/img/spell/NilahR.png,https://ddragon.leagueoflegends.com/cdn/14.19.1/img/passive/NIlahP.png
nocturne,Nocturne,the Eternal Nightmare,,Assassin,Runeterra,The darkness is closing in...,Jungle,2011-03-15,https://ddragon.leagueoflegends.com/cdn/img/champion/splash/Nocturne_0.jpg,https://ddragon.leagueoflegends.com/cdn/14.19.1/img/spell/NocturneDuskbringer.png,https://ddragon.leagueoflegends.com/cdn/14.19.1/img/spell/NocturneShroudofDarkness.png,https://ddragon.leagueoflegends.com/cdn/14.19.1/img/spell/NocturneUnspeakableHorror.png,https://ddragon.leagueoflegends.com/cdn/14.19.1/img/spell/NocturneParanoia.png,https://ddragon.leagueoflegends.com/cdn/14.19.1/img/passive/Nocturne_UmbraBlades.png
nunu,Nunu,the Boy and His Yeti,,Tank,Freljord,"“Pull the fur outta your earholes, Willump! This is gonna be the bestest story ever!”",,,https://ddragon.leagueoflegends.com/cdn/img/champion/splash/Nunu_0.jpg,https://ddragon.leagueoflegends.com/cdn/14.19.1/img/spell/NunuQ.png,https://ddragon.leagueoflegends.com/cdn/14.19.1/img/spell/NunuW.png,https://ddragon.leagueoflegends.com/cdn/14.19.1/img/spell/NunuE.png,https://ddragon.leagueoflegends.com/cdn/14.19.1/img/spell/NunuR.png,https://ddragon.leagueoflegends.com/cdn/14.19.1/img/passive/NunuPassive.png
olaf,Olaf,the Berserker,,Fighter,Freljord,"''When you meet your ancestors, tell them Olaf sent you.''",Top,2010-06-09,https://ddragon.leagueoflegends.com/cdn/img/champion/splash/Olaf_0.jpg,https://ddragon.leagueoflegends.com/cdn/14.19.1/img/spell/OlafAxeThrowCast.png,https://ddragon.leagueoflegends.com/cdn/14.19.1/img/spell/OlafFrenziedStrikes.png,https://ddragon.leagueoflegends.com/cdn/14.19.1/img/spell/OlafRecklessStrike.png,https://ddragon.leagueoflegends.com/cdn/14.19.1/img/spell/OlafRagnarok.png,https://ddragon.leagueoflegends.com/cdn/14.19.1/img/passive/Olaf_Passive.png
orianna,Orianna,the Lady of Clockwork,,Mage,Piltover,"“When a moth emerges from its chrysalis, does it remember its life as a caterpillar?”",Mid,2011-06-01,https://ddragon.leagueoflegends.com/cdn/img/champion/splash/Orianna_0.jpg,https://ddragon.leagueoflegends.com/cdn/14.19.1/img/spell/OrianaIzunaCommand.png,https://ddragon.leagueoflegends.com/cdn/14.19.1/img/spell/OrianaDissonanceCommand.png,https://ddragon.leagueoflegends.com/cdn/14.19.1/img/spell/OrianaRedactCommand.png,https://ddragon.leagueoflegends.com/cdn/14.19.1/img/spell/OrianaDetonateCommand.png,https://ddragon.leagueoflegends.com/cdn/14.19.1/img/passive/OriannaPassive.png
ornn,Ornn,the Fire Below the Mountain,,Tank,Freljord,“I have said enough.”,Top,2017-08-23,https://ddragon.leagueoflegends.com/cdn/img/champion/splash/Ornn_0.jpg,https://ddragon.leagueoflegends.com/cdn/14.19.1/img/spell/OrnnQ.png,https://ddragon.leagueoflegends.com/cdn/14.19.1/img/spell/OrnnW.png,https://ddragon.leagueoflegends.com/cdn/14.19.1/img/spell/OrnnE.png,https://ddragon.leagueoflegends.com/cdn/14.19.1/img/spell/OrnnR.png,https://ddragon.leagueoflegends.com/cdn/14.19.1/img/passive/OrnnP.png
pantheon,Pantheon,The Unbreakable Spear,,Fighter,Targon,“Here is my eternity… a day the gods will remember!”,Top,2010-02-02,https://ddragon.leagueoflegends.com/cdn/img/champion/splash/Pantheon_0.jpg,https://ddragon.leagueoflegends.com/cdn/14.19.1/img/spell/PantheonQ.png,https://ddragon.leagueoflegends.com/cdn/14.19.1/img/spell/PantheonW.png,https://ddragon.leagueoflegends.com/cdn/14.19.1/img/spell/PantheonE.png,https://ddragon.leagueoflegends.com/cdn/14.19.1/img/spell/PantheonR.png,https://ddragon.leagueoflegends.com/cdn/14.19.1/img/passive/Pantheon_Passive.png
poppy,Poppy,Keeper of the Hammer,,Tank,Demacia,“I’m no hero. Just a yordle with a hammer.”,Top,2010-01-13,https://ddragon.leagueoflegends.com/cdn/img/champion/splash/Poppy_0.jpg,https://ddragon.leagueoflegends.com/cdn/14.19.1/img/spell/PoppyQ.png,https://ddragon.leagueoflegends.com/cdn/14.19.1/img/spell/PoppyW.png,https://ddragon.leagueoflegends.com/cdn/14.19.1/img/spell/PoppyE.png,https://ddragon.leagueoflegends.com/cdn/14.19.1/img/spell/PoppyR.png,https://ddragon.leagueoflegends.com/cdn/14.19.1/img/passive/Poppy_Passive.png
pyke,Pyke,the Bloodharbor Ripper,,Support,Bilgewater,“There’s plenty of room for everyone at the bottom of the sea...”,Support,2018-05-31,https://ddragon.leagueoflegends.com/cdn/img/champion/splash/Pyke_0.jpg,https://ddragon.leagueoflegends.com/cdn/14.19.1/img/spell/PykeQ.png,https://ddragon.leagueoflegends.com/cdn/14.19.1/img/spell/PykeW.png,https://ddragon.leagueoflegends.com/cdn/14.19.1/img/spell/PykeE.png,https://ddragon.leagueoflegends.com/cdn/14.19.1/img/spell/PykeR.png,https://ddragon.leagueoflegends.com/cdn/14.19.1/img/passive/PykePassive.png
qiyana,Qiyana,The Empress of Elements,,Assassin,Ixtal,"“Some day, all this will be Ixaocan. A glorious empire, with an empress to fit.”",Mid,2018-06-28,https://ddragon.leagueoflegends.com/cdn/img/champion/splash/Qiyana_0.jpg,https://ddragon.leagueoflegends.com/cdn/14.19.1/img/spell/QiyanaQ.png,https://ddragon.leagueoflegends.com/cdn/14.19.1/img/spell/QiyanaW.png,https://ddragon.leagueoflegends.com/cdn/14.19.1/img/spell/QiyanaE.png,https://ddragon.leagueoflegends.com/cdn/14.19.1/img/spell/QiyanaR.png,https://ddragon.leagueoflegends.com/cdn/14.19.1/img/passive/Qiyana_Passive.png
quinn,Quinn,Demacia's Wings,,Marksman,Demacia,“Most soldiers only rely on their weapons. Few truly rely on each other.”,ADC,2013-03-01,https://ddragon.leagueoflegends.com/cdn/img/champion/splash/Quinn_0.jpg,https://ddragon.leagueoflegends.com/cdn/14.19.1/img/spell/QuinnQ.png,https://ddragon.leagueoflegends.com/cdn/14.19.1/img/spell/QuinnW.png,https://ddragon.leagueoflegends.com/cdn/14.19.1/img/spell/QuinnE.png,https://ddragon.leagueoflegends.com/cdn/14.19.1/img/spell/QuinnR.png,https://ddragon.leagueoflegends.com/cdn/14.19.1/img/passive/Quinn_Passive.png
rakan,Rakan,the Charmer,Vastaya,Support,Ionia,“I got freedom. I got a lady. I got a cause I'd die for.”,Support,2017-04-19,https://ddragon.leagueoflegends.com/cdn/img/champion/splash/Rakan_0.jpg,https://ddragon.leagueoflegends.com/cdn/14.19.1/img/spell/RakanQ.png,https://ddragon.leagueoflegends.com/cdn/14.19.1/img/spell/RakanW.png,https://ddragon.leagueoflegends.com/cdn/14.19.1/img/spell/RakanE.png,https://ddragon.leagueoflegends.com/cdn/14.19.1/img/spell/RakanR.png,https://ddragon.leagueoflegends.com/cdn/14.19.1/img/passive/Rakan_P.png
rammus,Rammus,the Armordillo,,Tank,Shurima,“OK.”,Jungle,2009-07-10,https://ddragon.leagueoflegends.com/cdn/img/champion/splash/Rammus_0.jpg,https://ddragon.leagueoflegends.com/cdn/14.19.1/img/spell/PowerBall.png,https://ddragon.leagueoflegends.com/cdn/14.19.1/img/spell/DefensiveBallCurl.png,https://ddragon.leagueoflegends.com/cdn/14.19.1/img/spell/PuncturingTaunt.png,https://ddragon.leagueoflegends.com/cdn/14.19.1/img/spell/Tremors2.png,https://ddragon.leagueoflegends.com/cdn/14.19.1/img/passive/Armordillo_ScavengeArmor.png
reksai,Sivir,the Void Burrower,,Fighter,The Void,"“Fear not ambush from the hills, nor winged beasts from the skies. The true terror of Shurima comes from the sand, and gives no warning of her presence.”",Jungle,2014-12-11,https://ddragon.leagueoflegends.com/cdn/img/champion/splash/RekSai_0.jpg,https://ddragon.leagueoflegends.com/cdn/14.19.1/img/spell/RekSaiQ.png,https://ddragon.leagueoflegends.com/cdn/14.19.1/img/spell/RekSaiW.png,https://ddragon.leagueoflegends.com/cdn/14.19.1/img/spell/RekSaiE.png,https://ddragon.leagueoflegends.com/cdn/14.19.1/img/spell/RekSaiR.png,https://ddragon.leagueoflegends.com/cdn/14.19.1/img/passive/RekSai_Passive.png
rell,Rell,the Iron Maiden,,Support,Noxus,“Forge your heart into something strong. Unbreakable.”,Support,2020-12-11,https://ddragon.leagueoflegends.com/cdn/img/champion/splash/Rell_0.jpg,https://ddragon.leagueoflegends.com/cdn/14.19.1/img/spell/RellQ.png,https://ddragon.leagueoflegends.com/cdn/14.19.1/img/spell/RellW_Dismount.png,https://ddragon.leagueoflegends.com/cdn/14.19.1/img/spell/RellE.png,https://ddragon.leagueoflegends.com/cdn/14.19.1/img/spell/RellR.png,https://ddragon.leagueoflegends.com/cdn/14.19.1/img/passive/RellP.png
renataglasc,Renata Glasc,the Chem-Baroness,,Support,Zaun,“We don't have to be enemies. Let me change your mind.”,Support,2022-02-17,,,,,,
renekton,Renekton,the Butcher of the Sands,,Fighter,Shurima,“Blood! And vengeance!”,Top,2011-01-18,https://ddragon.leagueoflegends.com/cdn/img/champion/splash/Renekton_0.jpg,https://ddragon.leagueoflegends.com/cdn/14.19.1/img/spell/RenektonCleave.png,https://ddragon.leagueoflegends.com/cdn/14.19.1/img/spell/RenektonPreExecute.png,https://ddragon.leagueoflegends.com/cdn/14.19.1/img/spell/RenektonSliceAndDice.png,https://ddragon.leagueoflegends.com/cdn/14.19.1/img/spell/RenektonReignOfTheTyrant.png,https://ddragon.leagueoflegends.com/cdn/14.19.1/img/passive/Renekton_Passive.png
rengar,Rengar,the Pridestalker,Vastaya,Assassin,Ixtal,“Prey on the weak and you may survive. Prey on the strong and you will truly live.”,Jungle,2011-08-21,https://ddragon.leagueoflegends.com/cdn/img/champion/splash/Rengar_0.jpg,https://ddragon.leagueoflegends.com/cdn/14.19.1/img/spell/RengarQ.png,https://ddragon.leagueoflegends.com/cdn/14.19.1/img/spell/RengarW.png,https://ddragon.leagueoflegends.com/cdn/14.19.1/img/spell/RengarE.png,https://ddragon.leagueoflegends.com/cdn/14.19.1/img/spell/RengarR.png,https://ddragon.leagueoflegends.com/cdn/14.19.1/img/passive/Rengar_P.png
riven,Riven,the Exile,,Fighter,Noxus,"“A warrior’s blade reflects the truth in their heart. Mine is black, and broken.”",Top,2011-09-14,https://ddragon.leagueoflegends.com/cdn/img/champion/splash/Riven_0.jpg,https://ddragon.leagueoflegends.com/cdn/14.19.1/img/spell/RivenTriCleave.png,https://ddragon.leagueoflegends.com/cdn/14.19.1/img/spell/RivenMartyr.png,https://ddragon.leagueoflegends.com/cdn/14.19.1/img/spell/RivenFeint.png,https://ddragon.leagueoflegends.com/cdn/14.19.1/img/spell/RivenFengShuiEngine.png,https://ddragon.leagueoflegends.com/cdn/14.19.1/img/passive/RivenRunicBlades.png
rumble,Rumble,the Mechanized Menace,,Fighter,Bandle City,"''Ugh, it's gonna take forever to scrape your face off my suit!''",Top,2011-04-26,https://ddragon.leagueoflegends.com/cdn/img/champion/splash/Rumble_0.jpg,https://ddragon.leagueoflegends.com/cdn/14.19.1/img/spell/RumbleFlameThrower.png,https://ddragon.leagueoflegends.com/cdn/14.19.1/img/spell/RumbleShield.png,https://ddragon.leagueoflegends.com/cdn/14.19.1/img/spell/RumbleGrenade.png,https://ddragon.leagueoflegends.com/cdn/14.19.1/img/spell/RumbleCarpetBomb.png,https://ddragon.leagueoflegends.com/cdn/14.19.1/img/passive/Rumble_JunkyardTitan1.png
ryze,Ryze,the Rune Mage,,Mage,Runeterra,“Take care with this world. What is made can be unmade.”,Mid,2009-02-21,https://ddragon.leagueoflegends.com/cdn/img/champion/splash/Ryze_0.jpg,https://ddragon.leagueoflegends.com/cdn/14.19.1/img/spell/RyzeQWrapper.png,https://ddragon.leagueoflegends.com/cdn/14.19.1/img/spell/RyzeW.png,https://ddragon.leagueoflegends.com/cdn/14.19.1/img/spell/RyzeE.png,https://ddragon.leagueoflegends.com/cdn/14.19.1/img/spell/RyzeR.png,https://ddragon.leagueoflegends.com/cdn/14.19.1/img/passive/Ryze_P.png
samira,Samira,the Desert Rose,,Marksman,Noxus,"“Virtues, I've got a few. Vices, a few more.”",ADC,2021-09-21,https://ddragon.leagueoflegends.com/cdn/img/champion/splash/Samira_0.jpg,https://ddragon.leagueoflegends.com/cdn/14.19.1/img/spell/SamiraQ.png,https://ddragon.leagueoflegends.com/cdn/14.19.1/img/spell/SamiraW.png,https://ddragon.leagueoflegends.com/cdn/14.19.1/img/spell/SamiraE.png,https://ddragon.leagueoflegends.com/cdn/14.19.1/img/spell/SamiraR.png,https://ddragon.leagueoflegends.com/cdn/14.19.1/img/passive/SamiraP.png
sejuani,Sejuani,the Winter's Wrath,,Tank,Freljord,“I was cut from the ice. Shaped by the storms. Hardened in the cold.”,Jungle,2012-01-17,https://ddragon.leagueoflegends.com/cdn/img/champion/splash/Sejuani_0.jpg,https://ddragon.leagueoflegends.com/cdn/14.19.1/img/spell/SejuaniQ.png,https://ddragon.leagueoflegends.com/cdn/14.19.1/img/spell/SejuaniW.png,https://ddragon.leagueoflegends.com/cdn/14.19.1/img/spell/SejuaniE.png,https://ddragon.leagueoflegends.com/cdn/14.19.1/img/spell/SejuaniR.png,https://ddragon.leagueoflegends.com/cdn/14.19.1/img/passive/Sejuani_passive.png
senna,Senna,the Redeemer,,Support,Runeterra,"“As shadows embrace the light, I will embrace them...”",Support,2019-11-10,https://ddragon.leagueoflegends.com/cdn/img/champion/splash/Senna_0.jpg,https://ddragon.leagueoflegends.com/cdn/14.19.1/img/spell/SennaQ.png,https://ddragon.leagueoflegends.com/cdn/14.19.1/img/spell/SennaW.png,https://ddragon.leagueoflegends.com/cdn/14.19.1/img/spell/SennaE.png,https://ddragon.leagueoflegends.com/cdn/14.19.1/img/spell/SennaR.png,https://ddragon.leagueoflegends.com/cdn/14.19.1/img/passive/Senna_Passive.png
seraphine,Seraphine,the Starry-Eyed Songstress,,Mage,Piltover,“This one’s for you!”,Support,2020-10-29,https://ddragon.leagueoflegends.com/cdn/img/champion/splash/Seraphine_0.jpg,https://ddragon.leagueoflegends.com/cdn/14.19.1/img/spell/SeraphineQ.png,https://ddragon.leagueoflegends.com/cdn/14.19.1/img/spell/SeraphineW.png,https://ddragon.leagueoflegends.com/cdn/14.19.1/img/spell/SeraphineE.png,https://ddragon.leagueoflegends.com/cdn/14.19.1/img/spell/SeraphineR.png,https://ddragon.leagueoflegends.com/cdn/14.19.1/img/passive/Seraphine_Passive.png
sett,Sett,the Boss,,Fighter,Ionia,“Bein’ the boss… is a lot better than not bein’ the boss.”,Top,2020-01-14,https://ddragon.leagueoflegends.com/cdn/img/champion/splash/Sett_0.jpg,https://ddragon.leagueoflegends.com/cdn/14.19.1/img/spell/SettQ.png,https://ddragon.leagueoflegends.com/cdn/14.19.1/img/spell/SettW.png,https://ddragon.leagueoflegends.com/cdn/14.19.1/img/spell/SettE.png,https://ddragon.leagueoflegends.com/cdn/14.19.1/img/spell/SettR.png,https://ddragon.leagueoflegends.com/cdn/14.19.1/img/passive/Sett_P.png
shaco,Twisted Fate,the Demon Jester,,Assassin,Runeterra,"“Whatever you do, don't tell him you missed the punch line.”",Jungle,2009-10-10,https://ddragon.leagueoflegends.com/cdn/img/champion/splash/Shaco_0.jpg,https://ddragon.leagueoflegends.com/cdn/14.19.1/img/spell/Deceive.png,https://ddragon.leagueoflegends.com/cdn/14.19.1/img/spell/JackInTheBox.png,https://ddragon.leagueoflegends.com/cdn/14.19.1/img/spell/TwoShivPoison.png,https://ddragon.leagueoflegends.com/cdn/14.19.1/img/spell/HallucinateFull.png,https://ddragon.leagueoflegends.com/cdn/14.19.1/img/passive/Jester_CarefulStrikes.png
shen,Shen,the Eye of Twilight,,Tank,Ionia,"“The Eye is blind to fear, to hate, to love – to all things that would sway equilibrium.”",Top,2010-03-24,https://ddragon.leagueoflegends.com/cdn/img/champion/splash/Shen_0.jpg,https://ddragon.leagueoflegends.com/cdn/14.19.1/img/spell/ShenQ.png,https://ddragon.leagueoflegends.com/cdn/14.19.1/img/spell/ShenW.png,https://ddragon.leagueoflegends.com/cdn/14.19.1/img/spell/ShenE.png,https://ddragon.leagueoflegends.com/cdn/14.19.1/img/spell/ShenR.png,https://ddragon.leagueoflegends.com/cdn/14.19.1/img/passive/Shen_Passive.png
shyvana,Shyvana,the Half-Dragon,,Fighter,Demacia,"“I am of two worlds, yet I belong to neither.”",Jungle,2011-11-01,https://ddragon.leagueoflegends.com/cdn/img/champion/splash/Shyvana_0.jpg,https://ddragon.leagueoflegends.com/cdn/14.19.1/img/spell/ShyvanaDoubleAttack.png,https://ddragon.leagueoflegends.com/cdn/14.19.1/img/spell/ShyvanaImmolationAura.png,https://ddragon.leagueoflegends.com/cdn/14.19.1/img/spell/ShyvanaFireball.png,https://ddragon.leagueoflegends.com/cdn/14.19.1/img/spell/ShyvanaTransformCast.png,https://ddragon.leagueoflegends.com/cdn/14.19.1/img/passive/ShyvanaReinforcedScales.png
singed,Singed,the Mad Chemist,,Tank,Zaun,“You mustn’t die yet; I have far too much to learn from your fragile anatomy.”,Top,2009-04-18,https://ddragon.leagueoflegends.com/cdn/img/champion/splash/Singed_0.jpg,https://ddragon.leagueoflegends.com/cdn/14.19.1/img/spell/PoisonTrail.png,https://ddragon.leagueoflegends.com/cdn/14.19.1/img/spell/MegaAdhesive.png,https://ddragon.leagueoflegends.com/cdn/14.19.1/img/spell/Fling.png,https://ddragon.leagueoflegends.com/cdn/14.19.1/img/spell/InsanityPotion.png,https://ddragon.leagueoflegends.com/cdn/14.19.1/img/passive/Singed_Passive.png
sion,Sion,the Undead Juggernaut,,Tank,Noxus,“War is eternal... as am I.”,Top,2009-02-21,https://ddragon.leagueoflegends.com/cdn/img/champion/splash/Sion_0.jpg,https://ddragon.leagueoflegends.com/cdn/14.19.1/img/spell/SionQ.png,https://ddragon.leagueoflegends.com/cdn/14.19.1/img/spell/SionW.png,https://ddragon.leagueoflegends.com/cdn/14.19.1/img/spell/SionE.png,https://ddragon.leagueoflegends.com/cdn/14.19.1/img/spell/SionR.png,https://ddragon.leagueoflegends.com/cdn/14.19.1/img/passive/Sion_Passive1.png
sivir,Sivir,the Battle Mistress,,Marksman,Shurima,"“Coin may buy you skill for a day, but never loyalty.”",ADC,2009-02-21,https://ddragon.leagueoflegends.com/cdn/img/champion/splash/Sivir_0.jpg,https://ddragon.leagueoflegends.com/cdn/14.19.1/img/spell/SivirQ.png,https://ddragon.leagueoflegends.com/cdn/14.19.1/img/spell/SivirW.png,https://ddragon.leagueoflegends.com/cdn/14.19.1/img/spell/SivirE.png,https://ddragon.leagueoflegends.com/cdn/14.19.1/img/spell/SivirR.png,https://ddragon.leagueoflegends.com/cdn/14.19.1/img/passive/Sivir_Passive.png
skarner,Skarner,the Primordial Sovereign,,Tank,Ixtal,"""I may have faded into legend—but I am no mere story.""",Jungle,2011-08-09,https://ddragon.leagueoflegends.com/cdn/img/champion/splash/Skarner_0.jpg,https://ddragon.leagueoflegends.com/cdn/14.19.1/img/spell/SkarnerQ.png,https://ddragon.leagueoflegends.com/cdn/14.19.1/img/spell/SkarnerW.png,https://ddragon.leagueoflegends.com/cdn/14.19.1/img/spell/SkarnerE.png,https://ddragon.leagueoflegends.com/cdn/14.19.1/img/spell/SkarnerR.png,https://ddragon.leagueoflegends.com/cdn/14.19.1/img/passive/Skarner_Passive.png
smolder,Smolder,the Fiery Fledgling,,Marksman,Runeterra,“Imperial dragons are the best dragons. My mom says so.”,ADC,2024-01-31,https://ddragon.leagueoflegends.com/cdn/img/champion/splash/Smolder_0.jpg,https://ddragon.leagueoflegends.com/cdn/14.19.1/img/spell/SmolderQ.png,https://ddragon.leagueoflegends.com/cdn/14.19.1/img/spell/SmolderW.png,https://ddragon.leagueoflegends.com/cdn/14.19.1/img/spell/SmolderE.png,https://ddragon.leagueoflegends.com/cdn/14.19.1/img/spell/SmolderR.png,https://ddragon.leagueoflegends.com/cdn/14.19.1/img/passive/Icons_Smolder_Passive.png
sona,Jericho Swain,Maven of the Strings,,Support,Demacia,"“My spies whisper to me of this Ionian treasure—that her melody moves the soul, and her silence sunders the body.”",Support,2010-09-21,https://ddragon.leagueoflegends.com/cdn/img/champion/splash/Sona_0.jpg,https://ddragon.leagueoflegends.com/cdn/14.19.1/img/spell/SonaQ.png,https://ddragon.leagueoflegends.com/cdn/14.19.1/img/spell/SonaW.png,https://ddragon.leagueoflegends.com/cdn/14.19.1/img/spell/SonaE.png,https://ddragon.leagueoflegends.com/cdn/14.19.1/img/spell/SonaR.png,https://ddragon.leagueoflegends.com/cdn/14.19.1/img/passive/Sona_Passive_Charged.png
soraka,Soraka,the Starchild,,Support,Targon,"Two paths lie before you, but you can only take one.",Support,2009-02-21,https://ddragon.leagueoflegends.com/cdn/img/champion/splash/Soraka_0.jpg,https://ddragon.leagueoflegends.com/cdn/14.19.1/img/spell/SorakaQ.png,https://ddragon.leagueoflegends.com/cdn/14.19.1/img/spell/SorakaW.png,https://ddragon.leagueoflegends.com/cdn/14.19.1/img/spell/SorakaE.png,https://ddragon.leagueoflegends.com/cdn/14.19.1/img/spell/SorakaR.png,https://ddragon.leagueoflegends.com/cdn/14.19.1/img/passive/Soraka_Passive.png
swain,Swain,the Noxian Grand General,,Mage,Noxus,“I have learned enough to detest all men. Only nations may be revered.”,Mid,2010-10-05,https://ddragon.leagueoflegends.com/cdn/img/champion/splash/Swain_0.jpg,https://ddragon.leagueoflegends.com/cdn/14.19.1/img/spell/SwainQ.png,https://ddragon.leagueoflegends.com/cdn/14.19.1/img/spell/SwainW.png,https://ddragon.leagueoflegends.com/cdn/14.19.1/img/spell/SwainE.png,https://ddragon.leagueoflegends.com/cdn/14.19.1/img/spell/SwainR.png,https://ddragon.leagueoflegends.com/cdn/14.19.1/img/passive/Swain_P.png
sylas,Sylas,the Unshackled,,Mage,Demacia,“I am no traitor. I am the true Demacia.”,Mid,2019-01-25,https://ddragon.leagueoflegends.com/cdn/img/champion/splash/Sylas_0.jpg,https://ddragon.leagueoflegends.com/cdn/14.19.1/img/spell/SylasQ.png,https://ddragon.leagueoflegends.com/cdn/14.19.1/img/spell/SylasW.png,https://ddragon.leagueoflegends.com/cdn/14.19.1/img/spell/SylasE.png,https://ddragon.leagueoflegends.com/cdn/14.19.1/img/spell/SylasR.png,https://ddragon.leagueoflegends.com/cdn/14.19.1/img/passive/SylasP.png
syndra,Syndra,the Dark Sovereign,,Mage,Ionia,My potential is limitless. I will not be restrained.,Mid,2012-09-13,https://ddragon.leagueoflegends.com/cdn/img/champion/splash/Syndra_0.jpg,https://ddragon.leagueoflegends.com/cdn/14.19.1/img/spell/SyndraQ.png,https://ddragon.leagueoflegends.com/cdn/14.19.1/img/spell/SyndraW.png,https://ddragon.leagueoflegends.com/cdn/14.19.1/img/spell/SyndraE.png,https://ddragon.leagueoflegends.com/cdn/14.19.1/img/spell/SyndraR.png,https://ddragon.leagueoflegends.com/cdn/14.19.1/img/passive/SyndraPassive.png
tahmkench,Tahm Kench,the River King,,Support,Runeterra,"''The whole world's a river, and I'm its king.''",Support,2015-07-09,https://ddragon.leagueoflegends.com/cdn/img/champion/splash/TahmKench_0.jpg,https://ddragon.leagueoflegends.com/cdn/14.19.1/img/spell/TahmKenchQ.png,https://ddragon.leagueoflegends.com/cdn/14.19.1/img/spell/TahmKenchW.png,https://ddragon.leagueoflegends.com/cdn/14.19.1/img/spell/TahmKenchE.png,https://ddragon.leagueoflegends.com/cdn/14.19.1/img/spell/TahmKenchRWrapper.png,https://ddragon.leagueoflegends.com/cdn/14.19.1/img/passive/TahmKenchP.png
taliyah,Taliyah,the Stoneweaver,,Mage,Shurima,“This world is a tapestry of our own making.”,Mid,2016-05-18,https://ddragon.leagueoflegends.com/cdn/img/champion/splash/Taliyah_0.jpg,https://ddragon.leagueoflegends.com/cdn/14.19.1/img/spell/TaliyahQ.png,https://ddragon.leagueoflegends.com/cdn/14.19.1/img/spell/TaliyahWVC.png,https://ddragon.leagueoflegends.com/cdn/14.19.1/img/spell/TaliyahE.png,https://ddragon.leagueoflegends.com/cdn/14.19.1/img/spell/TaliyahR.png,https://ddragon.leagueoflegends.com/cdn/14.19.1/img/passive/Taliyah_Passive.png
talon,Katarina Du Couteau,the Blade's Shadow,,Assassin,Noxus,"''The three deadliest blademasters in all of Valoran are bound to the house of Du Couteau: my father, myself, and Talon. Challenge us, if you dare.''",Jungle,2011-08-24,https://ddragon.leagueoflegends.com/cdn/img/champion/splash/Talon_0.jpg,https://ddragon.leagueoflegends.com/cdn/14.19.1/img/spell/TalonQ.png,https://ddragon.leagueoflegends.com/cdn/14.19.1/img/spell/TalonW.png,https://ddragon.leagueoflegends.com/cdn/14.19.1/img/spell/TalonE.png,https://ddragon.leagueoflegends.com/cdn/14.19.1/img/spell/TalonR.png,https://ddragon.leagueoflegends.com/cdn/14.19.1/img/passive/TalonP.png
taric,Taric,the Shield of Valoran,,Support,Targon,“The best weapons are beautiful.”,Support,2009-08-19,https://ddragon.leagueoflegends.com/cdn/img/champion/splash/Taric_0.jpg,https://ddragon.leagueoflegends.com/cdn/14.19.1/img/spell/TaricQ.png,https://ddragon.leagueoflegends.com/cdn/14.19.1/img/spell/TaricW.png,https://ddragon.leagueoflegends.com/cdn/14.19.1/img/spell/TaricE.png,https://ddragon.leagueoflegends.com/cdn/14.19.1/img/spell/TaricR.png,https://ddragon.leagueoflegends.com/cdn/14.19.1/img/passive/Taric_Passive.png
teemo,Teemo,the Swift Scout,,Marksman,Bandle City,"“Bandle Scout Teemo, reporting for duty!”",Top,2009-02-21,https://ddragon.leagueoflegends.com/cdn/img/champion/splash/Teemo_0.jpg,https://ddragon.leagueoflegends.com/cdn/14.19.1/img/spell/BlindingDart.png,https://ddragon.leagueoflegends.com/cdn/14.19.1/img/spell/MoveQuick.png,https://ddragon.leagueoflegends.com/cdn/14.19.1/img/spell/ToxicShot.png,https://ddragon.leagueoflegends.com/cdn/14.19.1/img/spell/TeemoRCast.png,https://ddragon.leagueoflegends.com/cdn/14.19.1/img/passive/Teemo_P.png
thresh,Thresh,the Chain Warden,,Support,Shadow Isles,“The mind is a wondrous thing to tear apart.”,Support,2013-01-23,https://ddragon.leagueoflegends.com/cdn/img/champion/splash/Thresh_0.jpg,https://ddragon.leagueoflegends.com/cdn/14.19.1/img/spell/ThreshQ.png,https://ddragon.leagueoflegends.com/cdn/14.19.1/img/spell/ThreshW.png,https://ddragon.leagueoflegends.com/cdn/14.19.1/img/spell/ThreshE.png,https://ddragon.leagueoflegends.com/cdn/14.19.1/img/spell/ThreshRPenta.png,https://ddragon.leagueoflegends.com/cdn/14.19.1/img/passive/Thresh_Passive.png
tristana,Tristana,the Yordle Gunner,,Marksman,Bandle City,“Boomer says hi.”,ADC,2009-02-21,https://ddragon.leagueoflegends.com/cdn/img/champion/splash/Tristana_0.jpg,https://ddragon.leagueoflegends.com/cdn/14.19.1/img/spell/TristanaQ.png,https://ddragon.leagueoflegends.com/cdn/14.19.1/img/spell/TristanaW.png,https://ddragon.leagueoflegends.com/cdn/14.19.1/img/spell/TristanaE.png,https://ddragon.leagueoflegends.com/cdn/14.19.1/img/spell/TristanaR.png,https://ddragon.leagueoflegends.com/cdn/14.19.1/img/passive/Tristana_Passive.png
trundle,Trundle,the Troll King,,Fighter,Freljord,"''Outsmart anyone you can't beat, and beat anyone you can't outsmart.''",Jungle,2010-12-01,https://ddragon.leagueoflegends.com/cdn/img/champion/splash/Trundle_0.jpg,https://ddragon.leagueoflegends.com/cdn/14.19.1/img/spell/TrundleTrollSmash.png,https://ddragon.leagueoflegends.com/cdn/14.19.1/img/spell/trundledesecrate.png,https://ddragon.leagueoflegends.com/cdn/14.19.1/img/spell/TrundleCircle.png,https://ddragon.leagueoflegends.com/cdn/14.19.1/img/spell/TrundlePain.png,https://ddragon.leagueoflegends.com/cdn/14.19.1/img/passive/Trundle_Passive.png
tryndamere,Tryndamere,the Barbarian King,,Fighter,Freljord,''Rage is my weapon.'',Top,2009-05-01,https://ddragon.leagueoflegends.com/cdn/img/champion/splash/Tryndamere_0.jpg,https://ddragon.leagueoflegends.com/cdn/14.19.1/img/spell/TryndamereQ.png,https://ddragon.leagueoflegends.com/cdn/14.19.1/img/spell/TryndamereW.png,https://ddragon.leagueoflegends.com/cdn/14.19.1/img/spell/TryndamereE.png,https://ddragon.leagueoflegends.com/cdn/14.19.1/img/spell/UndyingRage.png,https://ddragon.leagueoflegends.com/cdn/14.19.1/img/passive/Tryndamere_Passive.png
twistedfate,Twisted Fate,the Card Master,,Mage,Bilgewater,“It's not gambling if you can't lose...”,Mid,2009-02-21,https://ddragon.leagueoflegends.com/cdn/img/champion/splash/TwistedFate_0.jpg,https://ddragon.leagueoflegends.com/cdn/14.19.1/img/spell/WildCards.png,https://ddragon.leagueoflegends.com/cdn/14.19.1/img/spell/PickACard.png,https://ddragon.leagueoflegends.com/cdn/14.19.1/img/spell/CardmasterStack.png,https://ddragon.leagueoflegends.com/cdn/14.19.1/img/spell/Destiny.png,https://ddragon.leagueoflegends.com/cdn/14.19.1/img/passive/Cardmaster_SealFate.png
twitch,Twitch,the Plague Rat,,Marksman,Zaun,“They threw this away? But it’s so shiny!”,ADC,2009-05-01,https://ddragon.leagueoflegends.com/cdn/img/champion/splash/Twitch_0.jpg,https://ddragon.leagueoflegends.com/cdn/14.19.1/img/spell/TwitchHideInShadows.png,https://ddragon.leagueoflegends.com/cdn/14.19.1/img/spell/TwitchVenomCask.png,https://ddragon.leagueoflegends.com/cdn/14.19.1/img/spell/TwitchExpunge.png,https://ddragon.leagueoflegends.com/cdn/14.19.1/img/spell/TwitchFullAutomatic.png,https://ddragon.leagueoflegends.com/cdn/14.19.1/img/passive/Twitch_Passive.png
udyr,Udyr,the Spirit Walker,,Fighter,Freljord,“I can taste our enemies' hunger for victory. Let them starve.”,Jungle,2009-12-02,https://ddragon.leagueoflegends.com/cdn/img/champion/splash/Udyr_0.jpg,https://ddragon.leagueoflegends.com/cdn/14.19.1/img/spell/UdyrQ.png,https://ddragon.leagueoflegends.com/cdn/14.19.1/img/spell/UdyrW.png,https://ddragon.leagueoflegends.com/cdn/14.19.1/img/spell/UdyrE.png,https://ddragon.leagueoflegends.com/cdn/14.19.1/img/spell/UdyrR.png,https://ddragon.leagueoflegends.com/cdn/14.19.1/img/passive/Udyr_P.png
urgot,Urgot,the Dreadnought,,Fighter,Zaun,“There is only one way to measure a man. Tear him… into… pieces.”,Top,2010-08-24,https://ddragon.leagueoflegends.com/cdn/img/champion/splash/Urgot_0.jpg,https://ddragon.leagueoflegends.com/cdn/14.19.1/img/spell/UrgotQ.png,https://ddragon.leagueoflegends.com/cdn/14.19.1/img/spell/UrgotW.png,https://ddragon.leagueoflegends.com/cdn/14.19.1/img/spell/UrgotE.png,https://ddragon.leagueoflegends.com/cdn/14.19.1/img/spell/UrgotR.png,https://ddragon.leagueoflegends.com/cdn/14.19.1/img/passive/Urgot_Passive.png
varus,Varus,the Arrow of Retribution,Darkin,Marksman,Ionia,“You didn’t destroy us all. And that mistake will be your undoing.”,ADC,2012-05-08,https://ddragon.leagueoflegends.com/cdn/img/champion/splash/Varus_0.jpg,https://ddragon.leagueoflegends.com/cdn/14.19.1/img/spell/VarusQ.png,https://ddragon.leagueoflegends.com/cdn/14.19.1/img/spell/VarusW.png,https://ddragon.leagueoflegends.com/cdn/14.19.1/img/spell/VarusE.png,https://ddragon.leagueoflegends.com/cdn/14.19.1/img/spell/VarusR.png,https://ddragon.leagueoflegends.com/cdn/14.19.1/img/passive/VarusPassive.png
vayne,Vayne,the Night Hunter,,Marksman,Demacia,“I don’t kill creatures like you because it’s the right thing to do. I kill you because I enjoy it.”,ADC,2011-05-10,https://ddragon.leagueoflegends.com/cdn/img/champion/splash/Vayne_0.jpg,https://ddragon.leagueoflegends.com/cdn/14.19.1/img/spell/VayneTumble.png,https://ddragon.leagueoflegends.com/cdn/14.19.1/img/spell/VayneSilveredBolts.png,https://ddragon.leagueoflegends.com/cdn/14.19.1/img/spell/VayneCondemn.png,https://ddragon.leagueoflegends.com/cdn/14.19.1/img/spell/VayneInquisition.png,https://ddragon.leagueoflegends.com/cdn/14.19.1/img/passive/Vayne_NightHunter.png
veigar,Veigar,the Tiny Master of Evil,,Mage,Bandle City,You deny the darkness in your soul...,Mid,2009-07-24,https://ddragon.leagueoflegends.com/cdn/img/champion/splash/Veigar_0.jpg,https://ddragon.leagueoflegends.com/cdn/14.19.1/img/spell/VeigarBalefulStrike.png,https://ddragon.leagueoflegends.com/cdn/14.19.1/img/spell/VeigarDarkMatter.png,https://ddragon.leagueoflegends.com/cdn/14.19.1/img/spell/VeigarEventHorizon.png,https://ddragon.leagueoflegends.com/cdn/14.19.1/img/spell/VeigarR.png,https://ddragon.leagueoflegends.com/cdn/14.19.1/img/passive/VeigarEntropy.png
velkoz,Vel'Koz,the Eye of the Void,,Mage,The Void,“Only by deconstruction is truth revealed.”,Mid,2014-02-27,https://ddragon.leagueoflegends.com/cdn/img/champion/splash/Velkoz_0.jpg,https://ddragon.leagueoflegends.com/cdn/14.19.1/img/spell/VelkozQ.png,https://ddragon.leagueoflegends.com/cdn/14.19.1/img/spell/VelkozW.png,https://ddragon.leagueoflegends.com/cdn/14.19.1/img/spell/VelkozE.png,https://ddragon.leagueoflegends.com/cdn/14.19.1/img/spell/VelkozR.png,https://ddragon.leagueoflegends.com/cdn/14.19.1/img/passive/VelKoz_Passive.png
vex,Vex,the Gloomist,,Mage,Shadow Isles,“Just... ughhhhh.”,Mid,2021-09-23,https://ddragon.leagueoflegends.com/cdn/img/champion/splash/Vex_0.jpg,https://ddragon.leagueoflegends.com/cdn/14.19.1/img/spell/VexQ.png,https://ddragon.leagueoflegends.com/cdn/14.19.1/img/spell/VexW.png,https://ddragon.leagueoflegends.com/cdn/14.19.1/img/spell/VexE.png,https://ddragon.leagueoflegends.com/cdn/14.19.1/img/spell/VexR.png,https://ddragon.leagueoflegends.com/cdn/14.19.1/img/passive/Icons_Vex_Passive.png
vi,Vi,the Piltover Enforcer,,Fighter,Piltover,"“We can either do this the hard way or… Oh wait, no. There's just the hard way.”",Jungle,2012-12-19,https://ddragon.leagueoflegends.com/cdn/img/champion/splash/Vi_0.jpg,https://ddragon.leagueoflegends.com/cdn/14.19.1/img/spell/ViQ.png,https://ddragon.leagueoflegends.com/cdn/14.19.1/img/spell/ViW.png,https://ddragon.leagueoflegends.com/cdn/14.19.1/img/spell/ViE.png,https://ddragon.leagueoflegends.com/cdn/14.19.1/img/spell/ViR.png,https://ddragon.leagueoflegends.com/cdn/14.19.1/img/passive/ViPassive.png
viego,Viego,the Ruined King,,Assassin,Shadow Isles,“No price is too great. No atrocity beyond my reach. For her... I will do anything.”,Jungle,2021-01-21,https://ddragon.leagueoflegends.com/cdn/img/champion/splash/Viego_0.jpg,https://ddragon.leagueoflegends.com/cdn/14.19.1/img/spell/ViegoQ.png,https://ddragon.leagueoflegends.com/cdn/14.19.1/img/spell/ViegoW.png,https://ddragon.leagueoflegends.com/cdn/14.19.1/img/spell/ViegoE.png,https://ddragon.leagueoflegends.com/cdn/14.19.1/img/spell/ViegoR.png,https://ddragon.leagueoflegends.com/cdn/14.19.1/img/passive/Viego_Passive.png
viktor,Viktor,the Machine Herald,,Mage,Zaun,"“A mechanized heart never misses a beat, and never falters with emotion. So why would anyone trust their life to a fragile muscle of flesh and blood?”",Mid,2011-12-29,https://ddragon.leagueoflegends.com/cdn/img/champion/splash/Viktor_0.jpg,https://ddragon.leagueoflegends.com/cdn/14.19.1/img/spell/ViktorPowerTransfer.png,https://ddragon.leagueoflegends.com/cdn/14.19.1/img/spell/ViktorGravitonField.png,https://ddragon.leagueoflegends.com/cdn/14.19.1/img/spell/ViktorDeathRay.png,https://ddragon.leagueoflegends.com/cdn/14.19.1/img/spell/ViktorChaosStorm.png,https://ddragon.leagueoflegends.com/cdn/14.19.1/img/passive/Viktor_Passive.png
vladimir,Vladimir,the Crimson Reaper,,Mage,Noxus,"Time has made me wiser, but no more patient.",Mid,2010-07-27,https://ddragon.leagueoflegends.com/cdn/img/champion/splash/Vladimir_0.jpg,https://ddragon.leagueoflegends.com/cdn/14.19.1/img/spell/VladimirQ.png,https://ddragon.leagueoflegends.com/cdn/14.19.1/img/spell/VladimirSanguinePool.png,https://ddragon.leagueoflegends.com/cdn/14.19.1/img/spell/VladimirE.png,https://ddragon.leagueoflegends.com/cdn/14.19.1/img/spell/VladimirHemoplague.png,https://ddragon.leagueoflegends.com/cdn/14.19.1/img/passive/VladimirP.png
volibear,Volibear,the Relentless Storm,,Fighter,Freljord,“They have forgotten the old ways. The old ways have not forgotten them.”,Jungle,2011-11-29,https://ddragon.leagueoflegends.com/cdn/img/champion/splash/Volibear_0.jpg,https://ddragon.leagueoflegends.com/cdn/14.19.1/img/spell/VolibearQ.png,https://ddragon.leagueoflegends.com/cdn/14.19.1/img/spell/VolibearW.png,https://ddragon.leagueoflegends.com/cdn/14.19.1/img/spell/VolibearE.png,https://ddragon.leagueoflegends.com/cdn/14.19.1/img/spell/VolibearR.png,https://ddragon.leagueoflegends.com/cdn/14.19.1/img/passive/Volibear_Icon_P.png
warwick,Warwick,The Uncaged Wrath of Zaun,,Fighter,Zaun,“Spill blood... draw the beast!”,Jungle,2009-02-21,https://ddragon.leagueoflegends.com/cdn/img/champion/splash/Warwick_0.jpg,https://ddragon.leagueoflegends.com/cdn/14.19.1/img/spell/WarwickQ.png,https://ddragon.leagueoflegends.com/cdn/14.19.1/img/spell/WarwickW.png,https://ddragon.leagueoflegends.com/cdn/14.19.1/img/spell/WarwickE.png,https://ddragon.leagueoflegends.com/cdn/14.19.1/img/spell/WarwickR.png,https://ddragon.leagueoflegends.com/cdn/14.19.1/img/passive/WarwickP.png
xayah,Xayah,the Rebel,Vastaya,Marksman,Ionia,“Ever been stabbed by a feather?”,ADC,2017-04-19,https://ddragon.leagueoflegends.com/cdn/img/champion/splash/Xayah_0.jpg,https://ddragon.leagueoflegends.com/cdn/14.19.1/img/spell/XayahQ.png,https://ddragon.leagueoflegends.com/cdn/14.19.1/img/spell/XayahW.png,https://ddragon.leagueoflegends.com/cdn/14.19.1/img/spell/XayahE.png,https://ddragon.leagueoflegends.com/cdn/14.19.1/img/spell/XayahR.png,https://ddragon.leagueoflegends.com/cdn/14.19.1/img/passive/XayahPassive.png
xerath,Xerath,the Magus Ascendant,,Mage,Shurima,“A lifetime as a slave has prepared me for eternity as your master.”,Mid,2011-10-05,https://ddragon.leagueoflegends.com/cdn/img/champion/splash/Xerath_0.jpg,https://ddragon.leagueoflegends.com/cdn/14.19.1/img/spell/XerathArcanopulseChargeUp.png,https://ddragon.leagueoflegends.com/cdn/14.19.1/img/spell/XerathArcaneBarrage2.png,https://ddragon.leagueoflegends.com/cdn/14.19.1/img/spell/XerathMageSpear.png,https://ddragon.leagueoflegends.com/cdn/14.19.1/img/spell/XerathLocusOfPower2.png,https://ddragon.leagueoflegends.com/cdn/14.19.1/img/passive/Xerath_Passive1.png
xinzhao,Xin Zhao,the Seneschal of Demacia,,Fighter,Demacia,“Death is inevitable. One can only avoid defeat.”,Jungle,2010-07-13,https://ddragon.leagueoflegends.com/cdn/img/champion/splash/XinZhao_0.jpg,https://ddragon.leagueoflegends.com/cdn/14.19.1/img/spell/XinZhaoQ.png,https://ddragon.leagueoflegends.com/cdn/14.19.1/img/spell/XinZhaoW.png,https://ddragon.leagueoflegends.com/cdn/14.19.1/img/spell/XinZhaoE.png,https://ddragon.leagueoflegends.com/cdn/14.19.1/img/spell/XinZhaoR.png,https://ddragon.leagueoflegends.com/cdn/14.19.1/img/passive/XinZhaoP.png
yasuo,Yasuo,the Unforgiven,,Fighter,Ionia,“Death is like the wind—always by my side.”,Mid,2013-12-13,https://ddragon.leagueoflegends.com/cdn/img/champion/splash/Yasuo_0.jpg,https://ddragon.leagueoflegends.com/cdn/14.19.1/img/spell/YasuoQ1Wrapper.png,https://ddragon.leagueoflegends.com/cdn/14.19.1/img/spell/YasuoW.png,https://ddragon.leagueoflegends.com/cdn/14.19.1/img/spell/YasuoE.png,https://ddragon.leagueoflegends.com/cdn/14.19.1/img/spell/YasuoR.png,https://ddragon.leagueoflegends.com/cdn/14.19.1/img/passive/Yasuo_Passive.png
yone,Yone,the Unforgotten,,Assassin,Ionia,“They look at me and see only the mask. I look at them and see only their fears.”,Mid,2020-08-06,https://ddragon.leagueoflegends.com/cdn/img/champion/splash/Yone_0.jpg,https://ddragon.leagueoflegends.com/cdn/14.19.1/img/spell/YoneQ.png,https://ddragon.leagueoflegends.com/cdn/14.19.1/img/spell/YoneW.png,https://ddragon.leagueoflegends.com/cdn/14.19.1/img/spell/YoneE.png,https://ddragon.leagueoflegends.com/cdn/14.19.1/img/spell/YoneR.png,https://ddragon.leagueoflegends.com/cdn/14.19.1/img/passive/YonePassive.png
yorick,Yorick,Shepherd of Souls,,Fighter,Shadow Isles,“These isles… How they scream.”,Top,2011-06-22,https://ddragon.leagueoflegends.com/cdn/img/champion/splash/Yorick_0.jpg,https://ddragon.leagueoflegends.com/cdn/14.19.1/img/spell/YorickQ.png,https://ddragon.leagueoflegends.com/cdn/14.19.1/img/spell/YorickW.png,https://ddragon.leagueoflegends.com/cdn/14.19.1/img/spell/YorickE.png,https://ddragon.leagueoflegends.com/cdn/14.19.1/img/spell/YorickR.png,https://ddragon.leagueoflegends.com/cdn/14.19.1/img/passive/Yorick_P.png
yuumi,Yuumi,the Magical Cat,,Support,Bandle City,"“Cats are made of twilight and tricks, dogs are made of barks and sticks! Book’s just old trees.”",Support,2019-05-14,https://ddragon.leagueoflegends.com/cdn/img/champion/splash/Yuumi_0.jpg,https://ddragon.leagueoflegends.com/cdn/14.19.1/img/spell/YuumiQ.png,https://ddragon.leagueoflegends.com/cdn/14.19.1/img/spell/YuumiW.png,https://ddragon.leagueoflegends.com/cdn/14.19.1/img/spell/YuumiE.png,https://ddragon.leagueoflegends.com/cdn/14.19.1/img/spell/YuumiR.png,https://ddragon.leagueoflegends.com/cdn/14.19.1/img/passive/YuumiP.png
zac,Zac,the Secret Weapon,,Tank,Zaun,"“The angrier you get, the more this is going to hurt...”",Jungle,2013-03-29,https://ddragon.leagueoflegends.com/cdn/img/champion/splash/Zac_0.jpg,https://ddragon.leagueoflegends.com/cdn/14.19.1/img/spell/ZacQ.png,https://ddragon.leagueoflegends.com/cdn/14.19.1/img/spell/ZacW.png,https://ddragon.leagueoflegends.com/cdn/14.19.1/img/spell/ZacE.png,https://ddragon.leagueoflegends.com/cdn/14.19.1/img/spell/ZacR.png,https://ddragon.leagueoflegends.com/cdn/14.19.1/img/passive/ZacPassive.png
zed,Zed,the Master of Shadows,,Assassin,Ionia,“Balance is a fool’s master.”,Mid,2012-11-13,https://ddragon.leagueoflegends.com/cdn/img/champion/splash/Zed_0.jpg,https://ddragon.leagueoflegends.com/cdn/14.19.1/img/spell/ZedQ.png,https://ddragon.leagueoflegends.com/cdn/14.19.1/img/spell/ZedW.png,https://ddragon.leagueoflegends.com/cdn/14.19.1/img/spell/ZedE.png,https://ddragon.leagueoflegends.com/cdn/14.19.1/img/spell/ZedR.png,https://ddragon.leagueoflegends.com/cdn/14.19.1/img/passive/ZedP.png
zeri,Zeri,the Spark of Zaun,,Marksman,Zaun,“I belong here. We all belong here.”,ADC,2022-01-20,https://ddragon.leagueoflegends.com/cdn/img/champion/splash/Zeri_0.jpg,https://ddragon.leagueoflegends.com/cdn/14.19.1/img/spell/ZeriQ.png,https://ddragon.leagueoflegends.com/cdn/14.19.1/img/spell/ZeriW.png,https://ddragon.leagueoflegends.com/cdn/14.19.1/img/spell/ZeriE.png,https://ddragon.leagueoflegends.com/cdn/14.19.1/img/spell/ZeriR.png,https://ddragon.leagueoflegends.com/cdn/14.19.1/img/passive/ZeriP.png
ziggs,Heimerdinger,the Hexplosives Expert,,Mage,Zaun,"''Ziggs? Unpredictable, dangerous, yes yes. But quite brilliant!''",ADC,2012-02-01,https://ddragon.leagueoflegends.com/cdn/img/champion/splash/Ziggs_0.jpg,https://ddragon.leagueoflegends.com/cdn/14.19.1/img/spell/ZiggsQ.png,https://ddragon.leagueoflegends.com/cdn/14.19.1/img/spell/ZiggsW.png,https://ddragon.leagueoflegends.com/cdn/14.19.1/img/spell/ZiggsE.png,https://ddragon.leagueoflegends.com/cdn/14.19.1/img/spell/ZiggsR.png,https://ddragon.leagueoflegends.com/cdn/14.19.1/img/passive/ZiggsPassiveReady.png
zilean,Zilean,the Chronokeeper,,Support,Runeterra,“There is no greater grief than for a loss that is yet to come.”,Support,2009-04-18,https://ddragon.leagueoflegends.com/cdn/img/champion/splash/Zilean_0.jpg,https://ddragon.leagueoflegends.com/cdn/14.19.1/img/spell/ZileanQ.png,https://ddragon.leagueoflegends.com/cdn/14.19.1/img/spell/ZileanW.png,https://ddragon.leagueoflegends.com/cdn/14.19.1/img/spell/TimeWarp.png,https://ddragon.leagueoflegends.com/cdn/14.19.1/img/spell/ChronoShift.png,https://ddragon.leagueoflegends.com/cdn/14.19.1/img/passive/Zilean_Passive.png
zoe,Zoe,the Aspect of Twilight,,Mage,Targon,"“I bring a message for you all—a warning, a sigil. But first, I wanna see the sparkleflies!”",Mid,2017-11-21,https://ddragon.leagueoflegends.com/cdn/img/champion/splash/Zoe_0.jpg,https://ddragon.leagueoflegends.com/cdn/14.19.1/img/spell/ZoeQ.png,https://ddragon.leagueoflegends.com/cdn/14.19.1/img/spell/ZoeW.png,https://ddragon.leagueoflegends.com/cdn/14.19.1/img/spell/ZoeE.png,https://ddragon.leagueoflegends.com/cdn/14.19.1/img/spell/ZoeR.png,https://ddragon.leagueoflegends.com/cdn/14.19.1/img/passive/Zoe_P.png
zyra,Zyra,Rise of the Thorns,,Mage,Ixtal,“Where are your friends? Mine are all around…”,Support,2012-07-24,https://ddragon.leagueoflegends.com/cdn/img/champion/splash/Zyra_0.jpg,https://ddragon.leagueoflegends.com/cdn/14.19.1/img/spell/ZyraQ.png,https://ddragon.leagueoflegends.com/cdn/14.19.1/img/spell/ZyraW.png,https://ddragon.leagueoflegends.com/cdn/14.19.1/img/spell/ZyraE.png,https://ddragon.leagueoflegends.com/cdn/14.19.1/img/spell/ZyraR.png,https://ddragon.leagueoflegends.com/cdn/14.19.1/img/passive/ZyraP.png
